date,time,brightness,altitude,azimuth,satellite,distance to flare centre,brightness at flare centre,sun altitude,city,country,latitude,longitude,
Mar 22, 04:40:50,-0.7,47°,8° (N),Iridium 80,29 km (W),-7.9,-6°,Kinshasa,Congo,-4.3,15.28,
Mar 24, 17:55:03,-0.2,49°,10° (N),Iridium 70,32 km (W),-8.0,-13°,Kinshasa,Congo,-4.3,15.28,
Mar 25, 03:40:47,0.9,35°,355° (N),Iridium 82,39 km (E),-8.0,-21°,Kinshasa,Congo,-4.3,15.28,
Mar 25, 17:48:57,-1.0,49°,8° (N),Iridium 64,25 km (W),-8.0,-11°,Kinshasa,Congo,-4.3,15.28,
Mar 26, 17:42:52,-5.6,49°,9° (N),Iridium 67,7 km (E),-8.1,-10°,Kinshasa,Congo,-4.3,15.28,
Mar 27, 17:36:48,0.5,50°,10° (N),Iridium 72,40 km (E),-8.1,-8°,Kinshasa,Congo,-4.3,15.28,
Mar 21, 12:31:39,0.5,39°,16° (NNE),Iridium 21,45 km (E),-7.8,-16°,Bangkok,Thailand,13.75,100.5,
Mar 24, 22:29:16,-1.5,38°,5° (N),Iridium 39,24 km (W),-7.7,-13°,Bangkok,Thailand,13.75,100.5,
Mar 25, 12:16:15,0.6,45°,4° (N),Iridium 75,41 km (W),-7.9,-12°,Bangkok,Thailand,13.75,100.5,
Mar 26, 12:10:07,-1.2,46°,3° (N),Iridium 14,23 km (W),-7.9,-11°,Bangkok,Thailand,13.75,100.5,
Mar 26, 22:38:01,0.2,39°,7° (N),Iridium 80,38 km (W),-7.6,-10°,Bangkok,Thailand,13.75,100.5,
Mar 27, 12:04:01,-4.4,47°,3° (N),Iridium 66,8 km (W),-7.9,-9°,Bangkok,Thailand,13.75,100.5,
Mar 20, 22:53:36,0.3,55°,33° (NNE),Iridium 21,41 km (E),-8.3,-11°,Buenos Aires,Argentina,-34.58,-58.37,
Mar 22, 09:24:34,-0.9,49°,9° (N),Iridium 81,26 km (E),-8.0,-8°,Buenos Aires,Argentina,-34.58,-58.37,
Mar 24, 08:58:21,0.3,48°,356° (N),Iridium 39,38 km (E),-8.1,-13°,Buenos Aires,Argentina,-34.58,-58.37,
Mar 24, 22:38:32,-0.3,57°,13° (NNE),Iridium 75,31 km (W),-8.2,-9°,Buenos Aires,Argentina,-34.58,-58.37,
Mar 25, 09:11:33,-4.9,48°,360° (N),Iridium 81,7 km (E),-8.0,-11°,Buenos Aires,Argentina,-34.58,-58.37,
Mar 25, 22:32:29,-3.2,56°,12° (NNE),Iridium 14,12 km (W),-8.2,-8°,Buenos Aires,Argentina,-34.58,-58.37,
Mar 26, 09:09:35,-0.7,47°,355° (N),Iridium 98,29 km (W),-8.0,-11°,Buenos Aires,Argentina,-34.58,-58.37,
Mar 26, 22:26:27,-7.6,56°,11° (N),Iridium 66,4 km (E),-8.2,-7°,Buenos Aires,Argentina,-34.58,-58.37,
Mar 21, 06:15:52,-5.0,38°,2° (N),Iridium 82,13 km (W),-8.1,-15°,Dakar,Senegal,14.67,-17.47,
Mar 22, 20:20:39,0.4,42°,8° (N),Iridium 21,39 km (W),-7.8,-15°,Dakar,Senegal,14.67,-17.47,
Mar 23, 20:14:34,-1.2,42°,11° (NNE),Iridium 70,25 km (E),-7.9,-14°,Dakar,Senegal,14.67,-17.47,
Mar 24, 06:42:50,-1.6,43°,10° (N),Iridium 81,22 km (W),-7.8,-8°,Dakar,Senegal,14.67,-17.47,
Mar 24, 20:08:25,-0.5,44°,10° (N),Iridium 64,31 km (E),-7.9,-12°,Dakar,Senegal,14.67,-17.47,
Mar 27, 05:44:33,0.5,28°,357° (N),Iridium 82,46 km (W),-7.8,-21°,Dakar,Senegal,14.67,-17.47,
Mar 21, 05:47:14,-5.3,48°,20° (NNE),Iridium 41,7 km (W),-7.8,-2°,Paris,France,48.8,2.33,
Mar 21, 19:23:44,-0.3,34°,4° (N),Iridium 21,34 km (E),-7.4,-14°,Paris,France,48.8,2.33,
Mar 24, 05:29:17,-7.2,43°,20° (NNE),Iridium 80,5 km (W),-7.6,-4°,Paris,France,48.8,2.33,
Mar 23, 09:30:13,-0.4,45°,8° (N),Iridium 41,32 km (W),-7.8,-7°,Georgetown,Guyana,6.75,-58.25,
Mar 24, 22:50:31,-2.9,46°,9° (N),Iridium 75,14 km (W),-8.0,-13°,Georgetown,Guyana,6.75,-58.25,
Mar 25, 22:44:24,-5.6,47°,8° (N),Iridium 14,7 km (E),-8.0,-11°,Georgetown,Guyana,6.75,-58.25,
Mar 26, 09:12:20,0.9,39°,11° (N),Iridium 80,46 km (E),-7.6,-11°,Georgetown,Guyana,6.75,-58.25,
Mar 26, 22:38:18,-1.4,48°,8° (N),Iridium 66,23 km (E),-8.0,-10°,Georgetown,Guyana,6.75,-58.25,
Mar 21, 18:09:34,-2.1,34°,4° (N),Iridium 70,20 km (E),-7.4,-14°,Belgrade,Serbia,44.87,20.53,
Mar 22, 04:27:54,-7.6,46°,20° (NNE),Iridium 18,3 km (W),-7.7,-3°,Belgrade,Serbia,44.87,20.53,
Mar 22, 18:03:21,-3.0,36°,3° (N),Iridium 64,15 km (E),-7.5,-13°,Belgrade,Serbia,44.87,20.53,
Mar 23, 17:57:09,-0.6,38°,4° (N),Iridium 67,30 km (E),-7.6,-12°,Belgrade,Serbia,44.87,20.53,
Mar 24, 17:50:59,0.9,40°,4° (N),Iridium 72,47 km (E),-7.7,-11°,Belgrade,Serbia,44.87,20.53,
Mar 27, 03:57:15,-4.1,37°,19° (NNE),Iridium 98,10 km (E),-7.3,-6°,Belgrade,Serbia,44.87,20.53,
Mar 22, 00:28:24,-2.4,46°,16° (NNE),Iridium 75,17 km (W),-8.0,-15°,Guayaquil,Ecuador,-2.17,-79.93,
Mar 23, 00:22:19,-6.7,46°,16° (NNE),Iridium 14,6 km (E),-8.0,-14°,Guayaquil,Ecuador,-2.17,-79.93,
Mar 24, 00:16:14,-1.3,47°,15° (NNE),Iridium 66,24 km (E),-8.0,-13°,Guayaquil,Ecuador,-2.17,-79.93,
Mar 27, 10:35:07,-0.3,40°,1° (N),Iridium 41,34 km (W),-7.7,-13°,Guayaquil,Ecuador,-2.17,-79.93,
Mar 21, 03:14:16,-2.7,37°,19° (NNE),Iridium 82,18 km (W),-8.1,-6°,St. Petersburg,Russia,59.93,30.3,
Mar 21, 04:00:42,-7.7,49°,23° (NNE),Iridium 98,0 km (W),-7.7,-1°,St. Petersburg,Russia,59.93,30.3,
Mar 21, 17:46:28,0.2,33°,3° (N),Iridium 21,39 km (E),-7.3,-12°,St. Petersburg,Russia,59.93,30.3,
Mar 22, 01:47:51,0.3,12°,18° (NNE),Iridium 40,72 km (E),-6.3,-16°,St. Petersburg,Russia,59.93,30.3,
Mar 22, 21:29:42,-1.6,13°,262° (W),Iridium 47,113 km (E),-6.3,-29°,St. Petersburg,Russia,59.93,30.3,
Mar 22, 21:29:14,-1.8,10°,267° (W),Iridium 46,67 km (W),-6.2,-29°,St. Petersburg,Russia,59.93,30.3,
Mar 22, 23:43:01,-2.9,10°,98° (E),Iridium 86,90 km (W),-6.0,-26°,St. Petersburg,Russia,59.93,30.3,
Mar 22, 23:52:18,0.2,12°,98° (E),Iridium 50,218 km (W),-6.1,-26°,St. Petersburg,Russia,59.93,30.3,
Mar 23, 00:37:04,-1.2,19°,110° (ESE),Iridium 90,9 km (W),-7.1,-22°,St. Petersburg,Russia,59.93,30.3,
Mar 23, 00:49:08,-1.8,14°,102° (ESE),Iridium 40,95 km (E),-6.9,-21°,St. Petersburg,Russia,59.93,30.3,
Mar 23, 17:34:04,1.0,37°,3° (N),Iridium 64,48 km (E),-7.5,-10°,St. Petersburg,Russia,59.93,30.3,
Mar 23, 21:05:44,-0.5,15°,265° (W),Iridium 46,186 km (E),-6.6,-28°,St. Petersburg,Russia,59.93,30.3,
Mar 23, 21:40:27,-4.4,10°,266° (W),Iridium 22,36 km (W),-6.1,-29°,St. Petersburg,Russia,59.93,30.3,
Mar 23, 21:42:13,-4.7,10°,267° (W),Iridium 11,34 km (W),-6.1,-29°,St. Petersburg,Russia,59.93,30.3,
Mar 23, 23:36:53,-3.1,10°,98° (E),Iridium 52,68 km (E),-5.9,-26°,St. Petersburg,Russia,59.93,30.3,
Mar 23, 23:46:06,-6.0,12°,99° (E),Iridium 53,28 km (W),-6.1,-26°,St. Petersburg,Russia,59.93,30.3,
Mar 23, 23:55:15,-1.5,14°,102° (ESE),Iridium 84,118 km (W),-6.2,-25°,St. Petersburg,Russia,59.93,30.3,
Mar 24, 01:31:30,-0.5,10°,18° (NNE),Iridium 40,96 km (W),-6.1,-17°,St. Petersburg,Russia,59.93,30.3,
Mar 24, 23:39:52,-0.7,11°,101° (E),Iridium 54,145 km (E),-6.1,-26°,St. Petersburg,Russia,59.93,30.3,
Mar 24, 23:49:03,-4.0,13°,103° (ESE),Iridium 12,43 km (E),-6.2,-25°,St. Petersburg,Russia,59.93,30.3,
Mar 25, 00:07:38,0.8,18°,106° (ESE),Iridium 83,194 km (W),-6.6,-24°,St. Petersburg,Russia,59.93,30.3,
Mar 25, 21:15:55,0.0,14°,268° (W),Iridium 76,183 km (E),-6.3,-27°,St. Petersburg,Russia,59.93,30.3,
Mar 25, 21:30:17,-3.0,11°,272° (W),Iridium 47,78 km (E),-6.1,-28°,St. Petersburg,Russia,59.93,30.3,
Mar 25, 21:39:25,-5.8,10°,273° (W),Iridium 11,23 km (W),-6.0,-28°,St. Petersburg,Russia,59.93,30.3,
Mar 25, 23:42:52,0.7,13°,105° (ESE),Iridium 86,192 km (E),-6.2,-25°,St. Petersburg,Russia,59.93,30.3,
Mar 25, 23:52:12,-2.6,15°,105° (ESE),Iridium 50,62 km (E),-6.3,-25°,St. Petersburg,Russia,59.93,30.3,
Mar 26, 00:01:41,-2.7,18°,107° (ESE),Iridium 56,64 km (W),-6.5,-24°,St. Petersburg,Russia,59.93,30.3,
Mar 26, 20:37:39,0.2,17°,264° (W),Iridium 94,64 km (E),-6.9,-25°,St. Petersburg,Russia,59.93,30.3,
Mar 26, 21:41:07,-2.1,9°,276° (W),Iridium 22,76 km (W),-6.0,-27°,St. Petersburg,Russia,59.93,30.3,
Mar 26, 23:46:00,0.9,14°,107° (ESE),Iridium 53,188 km (E),-6.3,-24°,St. Petersburg,Russia,59.93,30.3,
Mar 26, 23:55:14,-2.0,17°,109° (ESE),Iridium 84,65 km (E),-6.5,-24°,St. Petersburg,Russia,59.93,30.3,
Mar 27, 00:04:32,-2.3,20°,110° (ESE),Iridium 10,61 km (W),-6.7,-23°,St. Petersburg,Russia,59.93,30.3,
Mar 27, 19:11:12,-5.1,13°,358° (N),Iridium 23,9 km (W),-7.2,-19°,St. Petersburg,Russia,59.93,30.3,
Mar 27, 21:04:50,-6.0,11°,278° (W),Iridium 46,124 km (E),-6.2,-26°,St. Petersburg,Russia,59.93,30.3,
Mar 27, 21:32:16,-5.9,10°,278° (W),Iridium 25,5 km (W),-6.0,-27°,St. Petersburg,Russia,59.93,30.3,
Mar 23, 20:01:05,0.4,39°,12° (NNE),Iridium 39,41 km (W),-7.7,-9°,Tokyo,Japan,35.67,139.75,
Mar 24, 09:53:28,-0.4,40°,1° (N),Iridium 62,30 km (W),-7.6,-12°,Tokyo,Japan,35.67,139.75,
Mar 25, 09:47:18,-4.2,42°,2° (N),Iridium 65,9 km (W),-7.7,-11°,Tokyo,Japan,35.67,139.75,
Mar 26, 09:41:09,-0.5,43°,3° (N),Iridium 68,31 km (E),-7.8,-10°,Tokyo,Japan,35.67,139.75,
Mar 27, 19:57:10,0.8,37°,13° (NNE),Iridium 81,47 km (W),-7.5,-8°,Tokyo,Japan,35.67,139.75,
Mar 21, 19:06:46,0.5,33°,360° (N),Iridium 67,41 km (W),-7.3,-14°,Bremen,Germany,53.08,8.82,
Mar 22, 03:18:29,0.5,12°,16° (NNE),Iridium 40,74 km (E),-6.4,-19°,Bremen,Germany,53.08,8.82,
Mar 22, 19:00:33,-0.4,35°,359° (N),Iridium 72,31 km (W),-7.3,-12°,Bremen,Germany,53.08,8.82,
Mar 23, 02:19:22,-0.5,11°,108° (ESE),Iridium 40,118 km (W),-6.8,-26°,Bremen,Germany,53.08,8.82,
Mar 23, 18:54:21,-2.4,37°,360° (N),Iridium 62,17 km (W),-7.4,-11°,Bremen,Germany,53.08,8.82,
Mar 24, 03:02:16,-1.6,9°,16° (NNE),Iridium 40,81 km (W),-6.1,-20°,Bremen,Germany,53.08,8.82,
Mar 24, 05:04:05,-6.9,43°,21° (NNE),Iridium 15,5 km (W),-7.6,-3°,Bremen,Germany,53.08,8.82,
Mar 24, 18:48:09,-4.7,39°,360° (N),Iridium 65,8 km (W),-7.5,-10°,Bremen,Germany,53.08,8.82,
Mar 25, 02:02:14,-0.5,10°,109° (ESE),Iridium 40,198 km (E),-6.6,-27°,Bremen,Germany,53.08,8.82,
Mar 25, 04:57:06,-3.7,41°,22° (NNE),Iridium 80,11 km (E),-7.5,-4°,Bremen,Germany,53.08,8.82,
Mar 25, 18:41:59,-2.5,41°,0° (N),Iridium 68,17 km (E),-7.6,-9°,Bremen,Germany,53.08,8.82,
Mar 26, 04:06:51,0.5,29°,16° (NNE),Iridium 82,44 km (W),-7.7,-11°,Bremen,Germany,53.08,8.82,
Mar 26, 18:35:48,0.2,42°,1° (N),Iridium 75,37 km (E),-7.7,-8°,Bremen,Germany,53.08,8.82,
Mar 27, 18:29:38,0.4,44°,1° (N),Iridium 14,39 km (E),-7.8,-7°,Bremen,Germany,53.08,8.82,
Mar 20, 22:56:24,-7.2,42°,16° (NNE),Iridium 68,4 km (W),-7.9,-17°,Paramaribo,Suriname,5.75,-55.25,
Mar 21, 22:50:20,0.6,42°,18° (NNE),Iridium 75,46 km (E),-7.9,-15°,Paramaribo,Suriname,5.75,-55.25,
Mar 27, 08:56:54,-2.2,39°,5° (N),Iridium 41,19 km (W),-7.6,-12°,Paramaribo,Suriname,5.75,-55.25,
Mar 22, 12:11:54,-1.2,38°,5° (N),Iridium 72,24 km (W),-7.6,-15°,Chongqing,China,29.77,106.57,
Mar 23, 12:05:46,-4.4,40°,6° (N),Iridium 62,10 km (E),-7.7,-14°,Chongqing,China,29.77,106.57,
Mar 24, 11:59:36,-0.1,41°,7° (N),Iridium 65,35 km (E),-7.8,-12°,Chongqing,China,29.77,106.57,
Mar 25, 21:34:04,-3.9,28°,8° (N),Iridium 82,6 km (E),-7.7,-17°,Chongqing,China,29.77,106.57,
Mar 26, 22:13:23,-3.0,38°,13° (NNE),Iridium 81,15 km (W),-7.5,-9°,Chongqing,China,29.77,106.57,
Mar 21, 02:51:42,-3.0,12°,109° (ESE),Iridium 13,2 km (W),-6.8,-26°,Newcastle-on-Tyne,England,54.97,-1.62,
Mar 21, 04:12:43,-6.9,17°,16° (NNE),Iridium 40,5 km (W),-7.0,-17°,Newcastle-on-Tyne,England,54.97,-1.62,
Mar 21, 19:53:02,1.0,32°,359° (N),Iridium 70,48 km (W),-7.2,-14°,Newcastle-on-Tyne,England,54.97,-1.62,
Mar 22, 02:32:51,-6.3,9°,110° (ESE),Iridium 90,150 km (E),-6.5,-28°,Newcastle-on-Tyne,England,54.97,-1.62,
Mar 22, 02:57:31,-0.1,16°,112° (ESE),Iridium 13,87 km (W),-7.1,-25°,Newcastle-on-Tyne,England,54.97,-1.62,
Mar 23, 03:56:39,0.2,14°,16° (NNE),Iridium 40,83 km (W),-6.6,-18°,Newcastle-on-Tyne,England,54.97,-1.62,
Mar 23, 05:51:29,-7.4,45°,22° (NNE),Iridium 81,3 km (E),-7.6,-2°,Newcastle-on-Tyne,England,54.97,-1.62,
Mar 24, 02:57:43,-6.8,13°,108° (ESE),Iridium 40,26 km (E),-6.9,-24°,Newcastle-on-Tyne,England,54.97,-1.62,
Mar 24, 19:34:24,0.8,38°,357° (N),Iridium 72,44 km (W),-7.4,-10°,Newcastle-on-Tyne,England,54.97,-1.62,
Mar 25, 05:19:09,-1.4,36°,19° (NNE),Iridium 39,25 km (W),-7.4,-6°,Newcastle-on-Tyne,England,54.97,-1.62,
Mar 25, 19:28:13,-0.4,40°,358° (N),Iridium 62,30 km (W),-7.5,-9°,Newcastle-on-Tyne,England,54.97,-1.62,
Mar 26, 19:22:02,-1.3,42°,357° (N),Iridium 65,22 km (W),-7.6,-8°,Newcastle-on-Tyne,England,54.97,-1.62,
Mar 27, 01:51:47,-1.2,10°,111° (ESE),Iridium 54,136 km (W),-6.1,-29°,Newcastle-on-Tyne,England,54.97,-1.62,
Mar 27, 02:01:07,0.2,13°,113° (ESE),Iridium 12,205 km (W),-6.3,-28°,Newcastle-on-Tyne,England,54.97,-1.62,
Mar 27, 19:15:52,-7.7,44°,358° (N),Iridium 68,1 km (E),-7.7,-7°,Newcastle-on-Tyne,England,54.97,-1.62,
Mar 21, 18:38:27,-7.3,34°,2° (N),Iridium 64,3 km (E),-7.4,-14°,Prague,Czech Republic,50.08,14.43,
Mar 22, 18:32:14,-3.1,36°,2° (N),Iridium 67,14 km (E),-7.4,-13°,Prague,Czech Republic,50.08,14.43,
Mar 23, 18:26:03,-0.9,38°,2° (N),Iridium 72,27 km (E),-7.5,-11°,Prague,Czech Republic,50.08,14.43,
Mar 24, 18:19:53,0.8,39°,3° (N),Iridium 62,45 km (E),-7.6,-10°,Prague,Czech Republic,50.08,14.43,
Mar 21, 08:56:33,-4.1,56°,26° (NNE),Iridium 21,10 km (W),-8.3,-11°,Sydney,Australia,-34.0,151.0,
Mar 22, 08:50:32,0.7,54°,30° (NNE),Iridium 70,45 km (E),-8.3,-10°,Sydney,Australia,-34.0,151.0,
Mar 22, 19:25:43,-2.1,49°,7° (N),Iridium 81,17 km (E),-8.0,-8°,Sydney,Australia,-34.0,151.0,
Mar 23, 19:21:32,-2.9,48°,4° (N),Iridium 41,14 km (E),-8.0,-9°,Sydney,Australia,-34.0,151.0,
Mar 25, 19:12:42,-7.9,47°,358° (N),Iridium 81,2 km (W),-8.0,-11°,Sydney,Australia,-34.0,151.0,
Mar 27, 18:24:29,-2.3,41°,333° (NNW),Iridium 82,27 km (W),-8.2,-22°,Sydney,Australia,-34.0,151.0,
Mar 21, 02:51:55,-4.2,10°,107° (ESE),Iridium 13,116 km (E),-6.7,-26°,Edinburgh,Scotland,55.92,-3.17,
Mar 21, 02:56:32,0.7,13°,110° (ESE),Iridium 90,82 km (W),-6.8,-26°,Edinburgh,Scotland,55.92,-3.17,
Mar 22, 02:33:10,-0.5,9°,107° (ESE),Iridium 90,260 km (E),-6.4,-27°,Edinburgh,Scotland,55.92,-3.17,
Mar 22, 02:57:43,-5.6,14°,110° (ESE),Iridium 13,26 km (E),-7.0,-25°,Edinburgh,Scotland,55.92,-3.17,
Mar 22, 03:14:50,0.5,13°,105° (ESE),Iridium 40,162 km (W),-6.9,-23°,Edinburgh,Scotland,55.92,-3.17,
Mar 23, 03:03:32,0.2,18°,114° (ESE),Iridium 13,81 km (W),-7.3,-24°,Edinburgh,Scotland,55.92,-3.17,
Mar 23, 03:57:14,-6.3,11°,17° (NNE),Iridium 40,2 km (W),-6.3,-18°,Edinburgh,Scotland,55.92,-3.17,
Mar 23, 05:11:44,-4.3,32°,19° (NNE),Iridium 82,5 km (E),-7.8,-9°,Edinburgh,Scotland,55.92,-3.17,
Mar 24, 02:57:56,-1.2,12°,106° (ESE),Iridium 40,136 km (E),-6.8,-24°,Edinburgh,Scotland,55.92,-3.17,
Mar 25, 01:55:21,0.8,9°,105° (ESE),Iridium 86,202 km (W),-5.9,-29°,Edinburgh,Scotland,55.92,-3.17,
Mar 26, 01:58:21,-1.3,10°,108° (ESE),Iridium 53,137 km (W),-6.0,-28°,Edinburgh,Scotland,55.92,-3.17,
Mar 26, 02:07:36,0.2,13°,110° (ESE),Iridium 84,205 km (W),-6.2,-28°,Edinburgh,Scotland,55.92,-3.17,
Mar 26, 02:34:13,-6.8,17°,117° (ESE),Iridium 90,94 km (E),-7.0,-26°,Edinburgh,Scotland,55.92,-3.17,
Mar 26, 05:38:54,-6.5,40°,22° (NNE),Iridium 81,6 km (W),-7.4,-4°,Edinburgh,Scotland,55.92,-3.17,
Mar 27, 01:52:02,-6.0,9°,110° (ESE),Iridium 54,0 km (W),-6.0,-28°,Edinburgh,Scotland,55.92,-3.17,
Mar 27, 02:01:20,-4.0,12°,112° (ESE),Iridium 12,62 km (W),-6.2,-28°,Edinburgh,Scotland,55.92,-3.17,
Mar 27, 19:25:17,0.2,43°,356° (N),Iridium 21,35 km (W),-7.6,-7°,Edinburgh,Scotland,55.92,-3.17,
Mar 21, 18:55:22,-1.6,35°,2° (N),Iridium 66,21 km (W),-7.4,-14°,Milan,Italy,45.45,9.17,
Mar 22, 05:12:56,-7.0,46°,20° (NNE),Iridium 41,5 km (W),-7.7,-3°,Milan,Italy,45.45,9.17,
Mar 22, 18:49:11,-3.0,36°,3° (N),Iridium 21,15 km (E),-7.5,-13°,Milan,Italy,45.45,9.17,
Mar 25, 04:55:00,-7.4,41°,19° (NNE),Iridium 80,1 km (E),-7.5,-5°,Milan,Italy,45.45,9.17,
Mar 26, 04:04:56,0.6,28°,12° (NNE),Iridium 82,47 km (W),-7.8,-13°,Milan,Italy,45.45,9.17,
Mar 20, 22:52:10,-7.8,48°,13° (NNE),Iridium 41,0 km (W),-7.9,-5°,Singapore,Singapore,1.23,103.92,
Mar 22, 12:12:39,0.5,46°,12° (NNE),Iridium 75,42 km (W),-8.0,-15°,Singapore,Singapore,1.23,103.92,
Mar 23, 12:06:33,-1.9,46°,12° (NNE),Iridium 14,19 km (W),-8.0,-14°,Singapore,Singapore,1.23,103.92,
Mar 24, 12:00:27,-7.9,47°,11° (NNE),Iridium 66,1 km (W),-8.0,-12°,Singapore,Singapore,1.23,103.92,
Mar 24, 23:06:47,-0.1,43°,9° (N),Iridium 18,34 km (W),-7.8,-8°,Rangoon,Myanmar,16.83,96.0,
Mar 26, 12:29:17,0.2,46°,1° (N),Iridium 65,35 km (W),-7.9,-11°,Rangoon,Myanmar,16.83,96.0,
Mar 27, 12:23:10,-3.1,47°,4° (N),Iridium 68,14 km (E),-7.9,-9°,Rangoon,Myanmar,16.83,96.0,
Mar 21, 02:55:56,-1.5,9°,109° (ESE),Iridium 90,56 km (E),-6.5,-28°,Belfast,Northern Ireland,54.62,-5.93,
Mar 21, 20:01:56,1.0,34°,4° (N),Iridium 62,49 km (E),-7.4,-13°,Belfast,Northern Ireland,54.62,-5.93,
Mar 22, 02:57:06,-2.0,10°,109° (ESE),Iridium 13,178 km (E),-6.6,-27°,Belfast,Northern Ireland,54.62,-5.93,
Mar 22, 03:14:18,-2.4,9°,104° (ESE),Iridium 40,42 km (W),-6.5,-25°,Belfast,Northern Ireland,54.62,-5.93,
Mar 22, 05:54:35,-7.6,41°,20° (NNE),Iridium 39,0 km (W),-7.6,-5°,Belfast,Northern Ireland,54.62,-5.93,
Mar 23, 03:02:55,-6.7,13°,113° (ESE),Iridium 13,76 km (E),-6.9,-26°,Belfast,Northern Ireland,54.62,-5.93,
Mar 24, 03:08:46,-1.0,18°,116° (ESE),Iridium 13,41 km (W),-7.3,-25°,Belfast,Northern Ireland,54.62,-5.93,
Mar 24, 19:52:36,0.5,38°,358° (N),Iridium 70,40 km (W),-7.4,-10°,Belfast,Northern Ireland,54.62,-5.93,
Mar 25, 02:57:31,0.9,18°,118° (ESE),Iridium 90,69 km (W),-7.2,-26°,Belfast,Northern Ireland,54.62,-5.93,
Mar 26, 19:40:12,0.7,41°,356° (N),Iridium 67,42 km (W),-7.6,-8°,Belfast,Northern Ireland,54.62,-5.93,
Mar 27, 02:19:22,0.8,13°,114° (ESE),Iridium 83,246 km (W),-6.3,-28°,Belfast,Northern Ireland,54.62,-5.93,
Mar 27, 03:18:15,0.0,21°,116° (ESE),Iridium 40,84 km (W),-7.6,-23°,Belfast,Northern Ireland,54.62,-5.93,
Mar 27, 19:34:02,-0.2,43°,356° (N),Iridium 72,32 km (W),-7.6,-7°,Belfast,Northern Ireland,54.62,-5.93,
Mar 21, 19:21:36,0.2,35°,2° (N),Iridium 21,38 km (W),-7.4,-15°,Barcelona,Spain,41.38,2.15,
Mar 22, 19:15:26,-4.6,36°,4° (N),Iridium 70,9 km (E),-7.5,-14°,Barcelona,Spain,41.38,2.15,
Mar 23, 19:09:13,-6.3,38°,3° (N),Iridium 64,6 km (E),-7.6,-12°,Barcelona,Spain,41.38,2.15,
Mar 24, 19:03:02,-1.4,40°,3° (N),Iridium 67,23 km (E),-7.7,-11°,Barcelona,Spain,41.38,2.15,
Mar 25, 18:56:53,0.6,42°,4° (N),Iridium 72,43 km (E),-7.7,-10°,Barcelona,Spain,41.38,2.15,
Mar 26, 05:16:36,-7.4,39°,18° (NNE),Iridium 18,3 km (W),-7.5,-6°,Barcelona,Spain,41.38,2.15,
Mar 21, 21:51:11,-0.2,49°,11° (N),Iridium 80,31 km (E),-7.9,-7°,Perth,Australia,-31.95,115.87,
Mar 24, 11:05:09,-0.6,56°,15° (NNE),Iridium 70,28 km (W),-8.2,-10°,Perth,Australia,-31.95,115.87,
Mar 25, 10:59:06,-1.5,56°,13° (NNE),Iridium 64,21 km (W),-8.2,-9°,Perth,Australia,-31.95,115.87,
Mar 26, 10:53:03,-5.1,55°,13° (NNE),Iridium 67,7 km (E),-8.2,-8°,Perth,Australia,-31.95,115.87,
Mar 27, 10:47:01,0.2,54°,14° (NNE),Iridium 72,38 km (E),-8.2,-7°,Perth,Australia,-31.95,115.87,
Mar 22, 17:27:20,0.4,35°,0° (N),Iridium 75,39 km (W),-7.4,-14°,Odessa,Ukraine,46.45,30.8,
Mar 23, 17:21:07,0.0,37°,360° (N),Iridium 14,34 km (W),-7.5,-12°,Odessa,Ukraine,46.45,30.8,
Mar 24, 17:14:56,-0.3,39°,359° (N),Iridium 66,31 km (W),-7.5,-11°,Odessa,Ukraine,46.45,30.8,
Mar 25, 17:08:45,-7.5,41°,0° (N),Iridium 21,3 km (E),-7.6,-10°,Odessa,Ukraine,46.45,30.8,
Mar 26, 17:02:36,0.7,42°,2° (N),Iridium 70,44 km (E),-7.7,-9°,Odessa,Ukraine,46.45,30.8,
Mar 27, 16:56:26,0.3,44°,1° (N),Iridium 64,38 km (E),-7.8,-7°,Odessa,Ukraine,46.45,30.8,
Mar 22, 03:01:51,0.9,46°,352° (N),Iridium 82,41 km (E),-8.2,-17°,Johannesburg,South Africa,-26.2,28.07,
Mar 22, 17:06:00,-0.9,54°,19° (NNE),Iridium 75,27 km (W),-8.2,-12°,Johannesburg,South Africa,-26.2,28.07,
Mar 23, 03:39:33,-3.7,48°,4° (N),Iridium 15,11 km (W),-8.0,-8°,Johannesburg,South Africa,-26.2,28.07,
Mar 23, 16:59:57,-5.2,54°,19° (NNE),Iridium 14,7 km (W),-8.2,-11°,Johannesburg,South Africa,-26.2,28.07,
Mar 24, 16:53:54,-4.0,54°,17° (NNE),Iridium 66,11 km (E),-8.2,-10°,Johannesburg,South Africa,-26.2,28.07,
Mar 26, 03:26:34,0.5,45°,355° (N),Iridium 15,41 km (W),-8.0,-11°,Johannesburg,South Africa,-26.2,28.07,
Mar 21, 19:42:38,-3.7,51°,9° (N),Iridium 18,10 km (E),-8.0,-7°,Hobart,Tasmania,-42.87,147.32,
Mar 24, 08:54:06,-1.3,59°,16° (NNE),Iridium 21,23 km (W),-8.3,-8°,Hobart,Tasmania,-42.87,147.32,
Mar 24, 19:29:34,-7.2,50°,0° (N),Iridium 18,4 km (E),-8.1,-10°,Hobart,Tasmania,-42.87,147.32,
Mar 25, 08:48:05,-1.0,58°,20° (NNE),Iridium 70,26 km (E),-8.3,-7°,Hobart,Tasmania,-42.87,147.32,
Mar 26, 08:42:03,-0.1,57°,18° (NNE),Iridium 64,34 km (E),-8.2,-6°,Hobart,Tasmania,-42.87,147.32,
Mar 26, 19:03:08,-2.2,49°,347° (NNW),Iridium 39,17 km (E),-8.2,-15°,Hobart,Tasmania,-42.87,147.32,
Mar 26, 19:19:07,-0.5,49°,358° (N),Iridium 41,30 km (E),-8.0,-12°,Hobart,Tasmania,-42.87,147.32,
Mar 27, 19:16:31,-8.1,48°,352° (N),Iridium 18,1 km (W),-8.1,-13°,Hobart,Tasmania,-42.87,147.32,
Mar 22, 10:41:29,-0.8,37°,4° (N),Iridium 75,27 km (W),-7.6,-15°,Nagasaki,Japan,32.8,129.95,
Mar 22, 20:45:21,0.0,40°,11° (N),Iridium 39,36 km (W),-7.7,-8°,Nagasaki,Japan,32.8,129.95,
Mar 23, 10:35:18,-3.0,39°,4° (N),Iridium 14,13 km (W),-7.6,-14°,Nagasaki,Japan,32.8,129.95,
Mar 23, 19:14:32,-6.8,13°,6° (N),Iridium 40,6 km (W),-6.9,-27°,Nagasaki,Japan,32.8,129.95,
Mar 24, 10:29:09,-7.5,41°,4° (N),Iridium 66,3 km (W),-7.7,-12°,Nagasaki,Japan,32.8,129.95,
Mar 25, 10:23:00,0.6,42°,6° (N),Iridium 21,44 km (E),-7.8,-11°,Nagasaki,Japan,32.8,129.95,
Mar 21, 02:51:11,-2.3,10°,109° (ESE),Iridium 13,22 km (W),-6.7,-27°,Manchester,England,53.5,-2.25,
Mar 21, 04:12:34,0.1,15°,16° (NNE),Iridium 40,54 km (E),-6.8,-18°,Manchester,England,53.5,-2.25,
Mar 21, 19:52:35,-0.2,33°,360° (N),Iridium 70,33 km (W),-7.2,-14°,Manchester,England,53.5,-2.25,
Mar 22, 19:46:22,0.8,35°,359° (N),Iridium 64,44 km (W),-7.3,-13°,Manchester,England,53.5,-2.25,
Mar 23, 03:56:32,-5.7,11°,16° (NNE),Iridium 40,18 km (W),-6.4,-19°,Manchester,England,53.5,-2.25,
Mar 23, 19:40:08,0.1,37°,359° (N),Iridium 67,36 km (W),-7.4,-11°,Manchester,England,53.5,-2.25,
Mar 24, 02:57:12,-6.7,11°,109° (ESE),Iridium 40,33 km (E),-6.8,-26°,Manchester,England,53.5,-2.25,
Mar 24, 19:33:57,-0.8,39°,358° (N),Iridium 72,26 km (W),-7.5,-10°,Manchester,England,53.5,-2.25,
Mar 25, 05:18:49,-1.7,35°,21° (NNE),Iridium 39,21 km (E),-7.3,-7°,Manchester,England,53.5,-2.25,
Mar 25, 19:27:47,-3.5,40°,359° (N),Iridium 62,11 km (W),-7.6,-9°,Manchester,England,53.5,-2.25,
Mar 26, 19:21:36,-7.5,42°,359° (N),Iridium 65,2 km (W),-7.6,-8°,Manchester,England,53.5,-2.25,
Mar 27, 19:15:26,-1.5,44°,360° (N),Iridium 68,22 km (E),-7.7,-7°,Manchester,England,53.5,-2.25,
Mar 24, 00:04:13,0.2,51°,12° (NNE),Iridium 65,37 km (W),-8.1,-12°,Lima,Peru,-12.0,-77.03,
Mar 24, 09:54:37,-7.1,38°,349° (N),Iridium 82,2 km (W),-8.1,-20°,Lima,Peru,-12.0,-77.03,
Mar 24, 23:58:10,-2.9,50°,15° (NNE),Iridium 68,15 km (E),-8.1,-11°,Lima,Peru,-12.0,-77.03,
Mar 27, 10:23:10,-0.5,42°,359° (N),Iridium 98,31 km (W),-7.8,-13°,Lima,Peru,-12.0,-77.03,
Mar 21, 16:42:49,0.0,46°,15° (NNE),Iridium 64,36 km (W),-8.0,-16°,Nairobi,Kenya,-1.42,36.92,
Mar 22, 16:36:44,-7.9,46°,16° (NNE),Iridium 67,2 km (W),-8.0,-14°,Nairobi,Kenya,-1.42,36.92,
Mar 23, 16:30:40,-0.3,46°,17° (NNE),Iridium 72,34 km (E),-8.0,-13°,Nairobi,Kenya,-1.42,36.92,
Mar 27, 16:15:25,0.0,50°,3° (N),Iridium 70,33 km (W),-8.0,-9°,Nairobi,Kenya,-1.42,36.92,
Mar 22, 10:14:46,-0.5,37°,3° (N),Iridium 68,30 km (W),-7.5,-15°,Nagoya,Japan,35.12,136.93,
Mar 23, 10:08:36,-5.7,38°,5° (N),Iridium 75,7 km (E),-7.6,-14°,Nagoya,Japan,35.12,136.93,
Mar 24, 10:02:25,-2.2,40°,5° (N),Iridium 14,19 km (E),-7.7,-12°,Nagoya,Japan,35.12,136.93,
Mar 25, 09:56:15,-0.9,42°,4° (N),Iridium 66,27 km (E),-7.8,-11°,Nagoya,Japan,35.12,136.93,
Mar 22, 09:15:19,1.0,49°,11° (N),Iridium 15,44 km (E),-7.9,-8°,Montevideo,Uruguay,-34.88,-56.17,
Mar 24, 22:29:18,0.8,57°,11° (N),Iridium 72,43 km (W),-8.2,-9°,Montevideo,Uruguay,-34.88,-56.17,
Mar 25, 08:22:07,-0.5,46°,341° (NNW),Iridium 82,26 km (E),-8.3,-19°,Montevideo,Uruguay,-34.88,-56.17,
Mar 25, 09:02:17,-0.9,48°,2° (N),Iridium 15,26 km (E),-8.0,-11°,Montevideo,Uruguay,-34.88,-56.17,
Mar 25, 22:23:17,-4.3,56°,13° (NNE),Iridium 62,9 km (W),-8.2,-8°,Montevideo,Uruguay,-34.88,-56.17,
Mar 26, 09:00:22,-1.0,47°,355° (N),Iridium 80,26 km (W),-8.0,-12°,Montevideo,Uruguay,-34.88,-56.17,
Mar 26, 22:17:14,-2.0,55°,13° (NNE),Iridium 65,19 km (E),-8.2,-7°,Montevideo,Uruguay,-34.88,-56.17,
Mar 21, 02:55:08,0.6,9°,13° (NNE),Iridium 13,527 km (W),-6.3,-23°,Munich,Germany,48.13,11.58,
Mar 21, 18:47:00,-4.2,34°,3° (N),Iridium 65,10 km (E),-7.4,-14°,Munich,Germany,48.13,11.58,
Mar 22, 03:16:36,-0.5,17°,13° (NNE),Iridium 40,47 km (W),-7.1,-20°,Munich,Germany,48.13,11.58,
Mar 22, 05:04:31,-7.6,46°,21° (NNE),Iridium 98,2 km (E),-7.7,-2°,Munich,Germany,48.13,11.58,
Mar 22, 18:40:49,0.2,36°,4° (N),Iridium 68,39 km (E),-7.5,-13°,Munich,Germany,48.13,11.58,
Mar 21, 02:54:26,0.1,9°,12° (NNE),Iridium 13,299 km (W),-6.3,-24°,Venice,Italy,45.43,12.33,
Mar 23, 18:33:54,-1.4,37°,0° (N),Iridium 75,22 km (W),-7.5,-12°,Venice,Italy,45.43,12.33,
Mar 24, 18:27:42,-2.4,39°,360° (N),Iridium 14,16 km (W),-7.6,-11°,Venice,Italy,45.43,12.33,
Mar 25, 03:54:11,0.9,27°,16° (NNE),Iridium 82,43 km (E),-7.6,-13°,Venice,Italy,45.43,12.33,
Mar 25, 18:21:31,-3.0,41°,359° (N),Iridium 66,13 km (W),-7.6,-10°,Venice,Italy,45.43,12.33,
Mar 26, 18:15:21,-1.4,43°,1° (N),Iridium 21,23 km (E),-7.7,-9°,Venice,Italy,45.43,12.33,
Mar 21, 12:42:59,-7.1,33°,2° (N),Iridium 21,5 km (E),-7.3,-14°,Irkutsk,Russia,52.5,104.33,
Mar 22, 12:36:48,0.1,35°,3° (N),Iridium 70,38 km (E),-7.4,-12°,Irkutsk,Russia,52.5,104.33,
Mar 23, 12:30:35,-0.8,37°,2° (N),Iridium 64,28 km (E),-7.5,-11°,Irkutsk,Russia,52.5,104.33,
Mar 24, 12:24:23,0.2,39°,2° (N),Iridium 67,37 km (E),-7.6,-10°,Irkutsk,Russia,52.5,104.33,
Mar 24, 19:52:51,-3.0,13°,111° (ESE),Iridium 40,24 km (W),-6.9,-26°,Irkutsk,Russia,52.5,104.33,
Mar 22, 10:40:55,-3.6,42°,7° (N),Iridium 39,10 km (E),-7.8,-11°,Panama City,Panama,8.97,-79.53,
Mar 22, 10:58:40,0.1,45°,15° (NNE),Iridium 18,34 km (E),-7.8,-6°,Panama City,Panama,8.97,-79.53,
Mar 23, 00:25:34,-0.7,44°,10° (N),Iridium 14,29 km (W),-7.9,-15°,Panama City,Panama,8.97,-79.53,
Mar 24, 00:19:27,-3.7,45°,10° (N),Iridium 66,11 km (W),-7.9,-13°,Panama City,Panama,8.97,-79.53,
Mar 25, 00:13:23,0.9,45°,13° (NNE),Iridium 21,47 km (E),-8.0,-12°,Panama City,Panama,8.97,-79.53,
Mar 25, 10:45:45,0.8,42°,6° (N),Iridium 18,45 km (W),-7.8,-9°,Panama City,Panama,8.97,-79.53,
Mar 27, 10:15:00,-7.4,34°,3° (N),Iridium 39,2 km (E),-7.6,-16°,Panama City,Panama,8.97,-79.53,
Mar 21, 04:12:15,-0.4,15°,16° (NNE),Iridium 40,45 km (E),-6.8,-18°,Birmingham,England,52.42,-1.92,
Mar 23, 03:56:14,-4.8,12°,16° (NNE),Iridium 40,20 km (W),-6.5,-19°,Birmingham,England,52.42,-1.92,
Mar 24, 02:56:52,-3.0,11°,109° (ESE),Iridium 40,24 km (W),-6.8,-26°,Birmingham,England,52.42,-1.92,
Mar 25, 05:18:30,-7.2,35°,20° (NNE),Iridium 39,3 km (E),-7.3,-7°,Birmingham,England,52.42,-1.92,
Mar 26, 19:21:19,0.5,42°,356° (N),Iridium 65,38 km (W),-7.6,-8°,Birmingham,England,52.42,-1.92,
Mar 27, 19:15:09,-2.9,43°,357° (N),Iridium 68,13 km (W),-7.7,-7°,Birmingham,England,52.42,-1.92,
Mar 22, 19:18:14,0.9,34°,359° (N),Iridium 70,46 km (W),-7.3,-13°,Brussels,Belgium,50.87,4.37,
Mar 24, 19:05:49,0.8,38°,358° (N),Iridium 67,44 km (W),-7.5,-11°,Brussels,Belgium,50.87,4.37,
Mar 25, 05:14:46,-6.9,41°,21° (NNE),Iridium 41,5 km (W),-7.5,-4°,Brussels,Belgium,50.87,4.37,
Mar 25, 18:59:38,-0.2,40°,358° (N),Iridium 72,32 km (W),-7.6,-10°,Brussels,Belgium,50.87,4.37,
Mar 26, 18:53:28,-2.7,42°,358° (N),Iridium 62,14 km (W),-7.6,-8°,Brussels,Belgium,50.87,4.37,
Mar 27, 04:17:12,-0.5,27°,16° (NNE),Iridium 82,34 km (W),-7.6,-12°,Brussels,Belgium,50.87,4.37,
Mar 27, 18:47:17,-7.5,44°,358° (N),Iridium 65,3 km (W),-7.7,-7°,Brussels,Belgium,50.87,4.37,
Mar 27, 20:38:38,-3.3,13°,0° (N),Iridium 23,13 km (W),-7.4,-23°,Brussels,Belgium,50.87,4.37,
Mar 24, 04:20:43,-1.7,38°,14° (NNE),Iridium 39,22 km (W),-7.6,-8°,Naples,Italy,40.83,14.25,
Mar 24, 18:17:16,0.0,40°,360° (N),Iridium 62,34 km (W),-7.6,-12°,Naples,Italy,40.83,14.25,
Mar 25, 18:11:05,-2.3,41°,360° (N),Iridium 65,16 km (W),-7.7,-10°,Naples,Italy,40.83,14.25,
Mar 26, 18:04:56,-2.0,43°,1° (N),Iridium 68,19 km (E),-7.7,-9°,Naples,Italy,40.83,14.25,
Mar 21, 10:25:05,0.8,50°,18° (NNE),Iridium 67,45 km (W),-8.1,-15°,Darwin,Australia,-12.47,130.85,
Mar 22, 10:19:02,-4.1,49°,19° (NNE),Iridium 72,10 km (W),-8.1,-14°,Darwin,Australia,-12.47,130.85,
Mar 22, 20:53:38,-0.6,47°,5° (N),Iridium 18,29 km (W),-8.0,-7°,Darwin,Australia,-12.47,130.85,
Mar 23, 10:12:59,-0.6,49°,20° (NNE),Iridium 62,31 km (E),-8.1,-12°,Darwin,Australia,-12.47,130.85,
Mar 21, 21:52:50,-7.7,46°,18° (NNE),Iridium 15,2 km (E),-7.8,-4°,Nanjing (Nanking),China,32.05,118.88,
Mar 22, 21:01:58,-1.4,33°,10° (N),Iridium 82,17 km (E),-7.9,-14°,Nanjing (Nanking),China,32.05,118.88,
Mar 24, 11:14:37,-3.6,41°,3° (N),Iridium 75,11 km (W),-7.7,-13°,Nanjing (Nanking),China,32.05,118.88,
Mar 25, 11:08:27,-7.7,42°,3° (N),Iridium 14,2 km (E),-7.8,-11°,Nanjing (Nanking),China,32.05,118.88,
Mar 26, 11:02:18,-3.6,44°,3° (N),Iridium 66,12 km (E),-7.8,-10°,Nanjing (Nanking),China,32.05,118.88,
Mar 26, 21:04:21,-4.5,32°,12° (NNE),Iridium 39,9 km (E),-7.3,-13°,Nanjing (Nanking),China,32.05,118.88,
Mar 27, 21:18:05,-1.8,36°,16° (NNE),Iridium 18,21 km (E),-7.4,-9°,Nanjing (Nanking),China,32.05,118.88,
Mar 25, 11:43:04,-4.9,49°,11° (N),Iridium 68,7 km (W),-8.1,-11°,Jakarta,Indonesia,-6.27,106.8,
Mar 26, 11:37:00,0.4,49°,13° (NNE),Iridium 75,41 km (E),-8.1,-10°,Jakarta,Indonesia,-6.27,106.8,
Mar 27, 21:48:05,0.3,36°,353° (N),Iridium 39,40 km (W),-7.7,-18°,Jakarta,Indonesia,-6.27,106.8,
Mar 20, 23:41:22,0.3,15°,73° (ENE),Iridium 52,144 km (E),-6.1,-18°,Hammerfest,Norway,70.63,23.63,
Mar 20, 23:50:26,-2.1,16°,76° (ENE),Iridium 53,65 km (E),-6.2,-18°,Hammerfest,Norway,70.63,23.63,
Mar 20, 23:59:26,-6.2,18°,79° (E),Iridium 84,7 km (E),-6.3,-18°,Hammerfest,Norway,70.63,23.63,
Mar 21, 00:08:33,-1.3,19°,81° (E),Iridium 10,81 km (W),-6.4,-18°,Hammerfest,Norway,70.63,23.63,
Mar 21, 01:09:02,-5.4,17°,87° (E),Iridium 40,30 km (E),-6.9,-15°,Hammerfest,Norway,70.63,23.63,
Mar 21, 18:44:23,-3.1,33°,4° (N),Iridium 64,14 km (E),-7.2,-10°,Hammerfest,Norway,70.63,23.63,
Mar 21, 21:57:07,-0.4,30°,275° (W),Iridium 46,80 km (E),-7.4,-19°,Hammerfest,Norway,70.63,23.63,
Mar 21, 22:10:29,-1.3,30°,273° (W),Iridium 76,50 km (E),-7.3,-19°,Hammerfest,Norway,70.63,23.63,
Mar 21, 22:16:35,-3.6,29°,275° (W),Iridium 11,25 km (E),-7.2,-19°,Hammerfest,Norway,70.63,23.63,
Mar 21, 22:57:17,0.3,48°,217° (SW),Iridium 95,42 km (W),-8.2,-19°,Hammerfest,Norway,70.63,23.63,
Mar 21, 23:53:19,0.5,17°,79° (E),Iridium 12,132 km (E),-6.3,-18°,Hammerfest,Norway,70.63,23.63,
Mar 22, 00:11:35,-4.1,20°,84° (E),Iridium 83,32 km (W),-6.5,-17°,Hammerfest,Norway,70.63,23.63,
Mar 22, 00:20:37,-0.1,22°,87° (E),Iridium 86,103 km (W),-6.6,-17°,Hammerfest,Norway,70.63,23.63,
Mar 22, 18:38:11,-7.0,35°,4° (N),Iridium 67,5 km (E),-7.3,-9°,Hammerfest,Norway,70.63,23.63,
Mar 22, 22:18:18,-7.1,29°,277° (W),Iridium 22,5 km (E),-7.2,-18°,Hammerfest,Norway,70.63,23.63,
Mar 22, 22:20:02,-7.0,28°,279° (W),Iridium 11,4 km (W),-7.1,-18°,Hammerfest,Norway,70.63,23.63,
Mar 22, 22:48:30,-3.8,50°,214° (SW),Iridium 57,12 km (E),-8.3,-18°,Hammerfest,Norway,70.63,23.63,
Mar 22, 23:58:17,-2.3,48°,149° (SSE),Iridium 61,20 km (W),-8.2,-17°,Hammerfest,Norway,70.63,23.63,
Mar 23, 00:05:40,-1.3,20°,84° (E),Iridium 56,68 km (E),-6.5,-17°,Hammerfest,Norway,70.63,23.63,
Mar 23, 00:14:34,-6.5,22°,86° (E),Iridium 52,9 km (W),-6.6,-16°,Hammerfest,Norway,70.63,23.63,
Mar 23, 00:23:41,-0.2,23°,88° (E),Iridium 53,91 km (W),-6.7,-16°,Hammerfest,Norway,70.63,23.63,
Mar 23, 00:40:28,0.3,22°,96° (E),Iridium 90,113 km (E),-7.1,-15°,Hammerfest,Norway,70.63,23.63,
Mar 23, 18:32:00,-7.2,36°,3° (N),Iridium 72,2 km (W),-7.3,-8°,Hammerfest,Norway,70.63,23.63,
Mar 23, 22:26:48,0.0,25°,284° (WNW),Iridium 25,78 km (W),-7.0,-18°,Hammerfest,Norway,70.63,23.63,
Mar 24, 00:08:26,0.3,22°,87° (E),Iridium 10,99 km (E),-6.6,-16°,Hammerfest,Norway,70.63,23.63,
Mar 24, 00:17:34,-6.5,23°,89° (E),Iridium 54,10 km (E),-6.7,-16°,Hammerfest,Norway,70.63,23.63,
Mar 24, 00:26:38,-0.9,25°,92° (E),Iridium 12,66 km (W),-6.8,-16°,Hammerfest,Norway,70.63,23.63,
Mar 24, 01:34:19,-5.8,10°,18° (NNE),Iridium 40,2 km (W),-5.8,-12°,Hammerfest,Norway,70.63,23.63,
Mar 24, 04:08:15,-7.1,40°,136° (SE),Iridium 66,3 km (W),-7.3,-1°,Hammerfest,Norway,70.63,23.63,
Mar 24, 18:25:49,-7.2,38°,3° (N),Iridium 62,3 km (W),-7.4,-8°,Hammerfest,Norway,70.63,23.63,
Mar 24, 22:17:02,-2.6,27°,285° (WNW),Iridium 11,38 km (E),-7.0,-18°,Hammerfest,Norway,70.63,23.63,
Mar 24, 22:39:13,-0.4,51°,219° (SW),Iridium 60,35 km (E),-8.3,-18°,Hammerfest,Norway,70.63,23.63,
Mar 24, 22:47:57,0.7,48°,227° (SW),Iridium 31,47 km (W),-8.2,-18°,Hammerfest,Norway,70.63,23.63,
Mar 25, 00:11:30,0.6,23°,90° (E),Iridium 83,103 km (E),-6.7,-16°,Hammerfest,Norway,70.63,23.63,
Mar 25, 00:20:34,-3.7,25°,93° (E),Iridium 86,25 km (E),-6.8,-15°,Hammerfest,Norway,70.63,23.63,
Mar 25, 00:29:45,-0.7,27°,94° (E),Iridium 50,67 km (W),-6.9,-15°,Hammerfest,Norway,70.63,23.63,
Mar 25, 18:19:38,-4.4,40°,2° (N),Iridium 65,9 km (W),-7.5,-7°,Hammerfest,Norway,70.63,23.63,
Mar 25, 19:31:19,-0.5,22°,357° (N),Iridium 49,19 km (W),-9.7,-12°,Hammerfest,Norway,70.63,23.63,
Mar 25, 20:45:28,-0.5,31°,271° (W),Iridium 23,54 km (E),-8.7,-15°,Hammerfest,Norway,70.63,23.63,
Mar 25, 21:56:41,-4.4,25°,288° (WNW),Iridium 46,48 km (E),-7.1,-17°,Hammerfest,Norway,70.63,23.63,
Mar 25, 22:18:42,-4.4,26°,287° (WNW),Iridium 22,22 km (E),-7.0,-17°,Hammerfest,Norway,70.63,23.63,
Mar 25, 22:20:31,-4.9,26°,288° (WNW),Iridium 11,19 km (E),-6.9,-17°,Hammerfest,Norway,70.63,23.63,
Mar 25, 23:45:12,-1.5,50°,152° (SSE),Iridium 61,24 km (E),-8.2,-16°,Hammerfest,Norway,70.63,23.63,
Mar 26, 00:14:30,0.6,25°,92° (E),Iridium 52,96 km (E),-6.8,-15°,Hammerfest,Norway,70.63,23.63,
Mar 26, 00:23:39,-5.9,27°,95° (E),Iridium 53,13 km (E),-6.9,-15°,Hammerfest,Norway,70.63,23.63,
Mar 26, 00:32:45,-0.4,30°,98° (E),Iridium 84,66 km (W),-7.1,-15°,Hammerfest,Norway,70.63,23.63,
Mar 26, 01:13:13,-2.6,26°,98° (E),Iridium 40,31 km (E),-7.6,-13°,Hammerfest,Norway,70.63,23.63,
Mar 26, 18:13:28,-7.4,41°,2° (N),Iridium 68,3 km (W),-7.5,-6°,Hammerfest,Norway,70.63,23.63,
Mar 26, 19:24:03,-3.7,25°,358° (N),Iridium 3,7 km (W),-10.1,-11°,Hammerfest,Norway,70.63,23.63,
Mar 26, 19:45:53,-9.0,24°,271° (W),Iridium 49,3 km (E),-10.0,-12°,Hammerfest,Norway,70.63,23.63,
Mar 26, 20:44:32,-8.5,27°,274° (W),Iridium 23,7 km (E),-8.6,-15°,Hammerfest,Norway,70.63,23.63,
Mar 26, 22:14:00,-1.3,26°,290° (WNW),Iridium 25,59 km (E),-6.9,-17°,Hammerfest,Norway,70.63,23.63,
Mar 26, 22:22:49,-6.7,24°,292° (WNW),Iridium 76,10 km (W),-6.8,-17°,Hammerfest,Norway,70.63,23.63,
Mar 26, 22:36:15,-4.1,50°,227° (SW),Iridium 91,11 km (E),-8.2,-17°,Hammerfest,Norway,70.63,23.63,
Mar 26, 22:42:03,0.8,22°,298° (WNW),Iridium 47,116 km (W),-6.6,-17°,Hammerfest,Norway,70.63,23.63,
Mar 26, 23:38:08,0.4,55°,162° (SSE),Iridium 51,34 km (E),-9.4,-16°,Hammerfest,Norway,70.63,23.63,
Mar 26, 23:44:51,-7.4,52°,158° (SSE),Iridium 35,4 km (W),-8.3,-16°,Hammerfest,Norway,70.63,23.63,
Mar 27, 00:17:30,0.5,27°,95° (E),Iridium 54,85 km (E),-6.9,-15°,Hammerfest,Norway,70.63,23.63,
Mar 27, 00:26:37,-7.0,29°,98° (E),Iridium 12,4 km (E),-7.1,-14°,Hammerfest,Norway,70.63,23.63,
Mar 27, 00:41:10,-2.7,30°,104° (ESE),Iridium 90,42 km (E),-7.5,-14°,Hammerfest,Norway,70.63,23.63,
Mar 27, 01:07:03,0.7,14°,73° (ENE),Iridium 82,207 km (W),-6.4,-12°,Hammerfest,Norway,70.63,23.63,
Mar 27, 03:59:01,-7.4,44°,139° (SE),Iridium 65,3 km (E),-7.5,0°,Hammerfest,Norway,70.63,23.63,
Mar 27, 18:07:17,-7.6,43°,2° (N),Iridium 75,1 km (E),-7.6,-5°,Hammerfest,Norway,70.63,23.63,
Mar 27, 20:41:19,-2.8,25°,276° (W),Iridium 23,19 km (W),-8.5,-14°,Hammerfest,Norway,70.63,23.63,
Mar 21, 19:52:04,0.0,47°,13° (NNE),Iridium 18,33 km (E),-7.9,-7°,Port Moresby,Papua New Guinea,-9.42,147.13,
Mar 22, 09:15:59,-0.9,49°,16° (NNE),Iridium 14,27 km (W),-8.1,-14°,Port Moresby,Papua New Guinea,-9.42,147.13,
Mar 23, 09:09:55,-4.5,49°,16° (NNE),Iridium 66,8 km (W),-8.1,-13°,Port Moresby,Papua New Guinea,-9.42,147.13,
Mar 24, 19:39:06,-1.4,45°,3° (N),Iridium 18,23 km (W),-7.9,-10°,Port Moresby,Papua New Guinea,-9.42,147.13,
Mar 26, 19:28:48,-1.8,42°,1° (N),Iridium 41,21 km (W),-7.8,-12°,Port Moresby,Papua New Guinea,-9.42,147.13,
Mar 21, 05:37:15,-5.0,48°,20° (NNE),Iridium 98,8 km (W),-7.8,-2°,Lyons,France,45.75,4.83,
Mar 21, 19:13:45,-2.4,34°,2° (N),Iridium 68,16 km (W),-7.4,-14°,Lyons,France,45.75,4.83,
Mar 22, 19:07:33,-3.9,36°,3° (N),Iridium 75,11 km (E),-7.5,-13°,Lyons,France,45.75,4.83,
Mar 23, 19:01:21,-2.5,38°,3° (N),Iridium 14,17 km (E),-7.6,-12°,Lyons,France,45.75,4.83,
Mar 24, 18:55:10,-1.9,40°,2° (N),Iridium 66,20 km (E),-7.6,-11°,Lyons,France,45.75,4.83,
Mar 27, 04:15:53,0.6,27°,13° (NNE),Iridium 82,47 km (W),-7.7,-14°,Lyons,France,45.75,4.83,
Mar 27, 04:58:29,-3.1,37°,20° (NNE),Iridium 81,14 km (E),-7.3,-6°,Lyons,France,45.75,4.83,
Mar 23, 17:07:14,-0.9,40°,3° (N),Iridium 62,26 km (W),-7.7,-14°,Cairo,Egypt,30.03,31.35,
Mar 24, 17:01:04,-7.6,41°,4° (N),Iridium 65,1 km (W),-7.7,-12°,Cairo,Egypt,30.03,31.35,
Mar 25, 16:54:56,0.5,42°,6° (N),Iridium 68,42 km (E),-7.8,-11°,Cairo,Egypt,30.03,31.35,
Mar 27, 03:13:57,-0.1,38°,12° (NNE),Iridium 81,36 km (W),-7.5,-9°,Cairo,Egypt,30.03,31.35,
Mar 21, 04:10:06,-0.9,17°,12° (NNE),Iridium 40,34 km (E),-7.1,-20°,Bordeaux,France,44.83,-0.52,
Mar 21, 19:31:42,-1.7,35°,4° (N),Iridium 72,21 km (E),-7.4,-14°,Bordeaux,France,44.83,-0.52,
Mar 22, 19:25:32,0.7,36°,5° (N),Iridium 62,44 km (E),-7.5,-13°,Bordeaux,France,44.83,-0.52,
Mar 23, 03:54:19,-4.2,11°,13° (NNE),Iridium 40,17 km (E),-6.6,-22°,Bordeaux,France,44.83,-0.52,
Mar 26, 05:26:41,-4.3,39°,19° (NNE),Iridium 15,9 km (E),-7.4,-6°,Bordeaux,France,44.83,-0.52,
Mar 27, 19:03:51,0.6,44°,356° (N),Iridium 67,40 km (W),-7.7,-8°,Bordeaux,France,44.83,-0.52,
Mar 23, 17:05:35,-0.4,36°,359° (N),Iridium 70,30 km (W),-7.4,-11°,Moscow,Russia,55.75,37.6,
Mar 24, 16:59:22,0.6,38°,358° (N),Iridium 64,41 km (W),-7.4,-10°,Moscow,Russia,55.75,37.6,
Mar 24, 23:48:42,-1.9,13°,115° (ESE),Iridium 90,180 km (E),-6.8,-26°,Moscow,Russia,55.75,37.6,
Mar 25, 00:01:50,-0.5,15°,115° (ESE),Iridium 13,142 km (E),-7.1,-25°,Moscow,Russia,55.75,37.6,
Mar 25, 00:31:07,0.8,19°,111° (ESE),Iridium 40,124 km (W),-7.4,-22°,Moscow,Russia,55.75,37.6,
Mar 25, 16:53:10,0.0,40°,357° (N),Iridium 67,35 km (W),-7.5,-9°,Moscow,Russia,55.75,37.6,
Mar 25, 23:13:46,-1.0,10°,108° (ESE),Iridium 12,147 km (W),-6.0,-29°,Moscow,Russia,55.75,37.6,
Mar 26, 00:07:42,-3.9,20°,118° (ESE),Iridium 13,9 km (E),-7.4,-24°,Moscow,Russia,55.75,37.6,
Mar 26, 16:47:00,-0.8,41°,357° (N),Iridium 72,26 km (W),-7.6,-8°,Moscow,Russia,55.75,37.6,
Mar 26, 23:07:32,-6.0,9°,110° (ESE),Iridium 86,8 km (W),-6.0,-29°,Moscow,Russia,55.75,37.6,
Mar 26, 23:16:56,-3.0,11°,111° (ESE),Iridium 50,82 km (W),-6.1,-28°,Moscow,Russia,55.75,37.6,
Mar 26, 23:26:31,-0.2,14°,112° (ESE),Iridium 56,177 km (W),-6.3,-27°,Moscow,Russia,55.75,37.6,
Mar 27, 00:13:43,-0.7,17°,113° (ESE),Iridium 40,96 km (E),-7.2,-23°,Moscow,Russia,55.75,37.6,
Mar 27, 16:40:50,-3.2,43°,357° (N),Iridium 62,12 km (W),-7.7,-7°,Moscow,Russia,55.75,37.6,
Mar 24, 10:27:34,-2.6,43°,11° (N),Iridium 98,15 km (E),-7.7,-9°,Bogotá,Colombia,4.53,-74.25,
Mar 24, 23:53:47,0.7,47°,6° (N),Iridium 67,42 km (W),-8.0,-12°,Bogotá,Colombia,4.53,-74.25,
Mar 25, 10:04:10,-7.6,38°,3° (N),Iridium 39,0 km (E),-7.7,-15°,Bogotá,Colombia,4.53,-74.25,
Mar 25, 23:47:42,-4.5,47°,7° (N),Iridium 72,8 km (W),-8.0,-11°,Bogotá,Colombia,4.53,-74.25,
Mar 26, 10:16:00,-0.3,40°,9° (N),Iridium 15,32 km (E),-7.7,-11°,Bogotá,Colombia,4.53,-74.25,
Mar 26, 23:41:37,-0.3,48°,9° (N),Iridium 62,32 km (E),-8.0,-10°,Bogotá,Colombia,4.53,-74.25,
Mar 21, 17:46:19,-4.5,56°,26° (NNE),Iridium 70,9 km (W),-8.3,-11°,Cape Town,South Africa,-33.92,18.37,
Mar 22, 17:40:17,-8.2,56°,23° (NNE),Iridium 64,1 km (W),-8.3,-10°,Cape Town,South Africa,-33.92,18.37,
Mar 23, 04:17:20,0.5,49°,0° (N),Iridium 41,41 km (W),-8.0,-8°,Cape Town,South Africa,-33.92,18.37,
Mar 23, 17:34:14,-1.0,55°,23° (NNE),Iridium 67,27 km (E),-8.3,-9°,Cape Town,South Africa,-33.92,18.37,
Mar 24, 09:32:58,0.9,57°,13° (NNE),Iridium 62,45 km (W),-8.2,-9°,Adelaide,Australia,-34.92,138.6,
Mar 24, 19:28:21,-0.7,44°,337° (NNW),Iridium 82,36 km (W),-8.3,-18°,Adelaide,Australia,-34.92,138.6,
Mar 25, 09:26:55,-2.1,57°,13° (NNE),Iridium 65,18 km (W),-8.2,-8°,Adelaide,Australia,-34.92,138.6,
Mar 26, 09:20:53,-0.9,55°,16° (NNE),Iridium 68,26 km (E),-8.2,-7°,Adelaide,Australia,-34.92,138.6,
Mar 26, 19:56:34,-0.3,47°,359° (N),Iridium 18,31 km (E),-8.0,-13°,Adelaide,Australia,-34.92,138.6,
Mar 24, 00:12:57,-0.6,43°,6° (N),Iridium 65,29 km (W),-7.8,-14°,Kingston,Jamaica,17.98,-76.82,
Mar 24, 10:40:26,-0.6,43°,10° (N),Iridium 41,30 km (W),-7.7,-7°,Kingston,Jamaica,17.98,-76.82,
Mar 25, 00:06:51,-1.8,43°,8° (N),Iridium 68,21 km (E),-7.9,-12°,Kingston,Jamaica,17.98,-76.82,
Mar 26, 10:28:56,-1.8,40°,9° (N),Iridium 81,21 km (W),-7.6,-10°,Kingston,Jamaica,17.98,-76.82,
Mar 27, 10:22:35,-0.9,37°,12° (NNE),Iridium 80,27 km (E),-7.5,-11°,Kingston,Jamaica,17.98,-76.82,
Mar 21, 17:17:09,0.5,49°,340° (NNW),Iridium 82,44 km (W),-8.3,-14°,Wellington,New Zealand,-41.28,174.78,
Mar 24, 07:04:58,-3.4,58°,18° (NNE),Iridium 68,12 km (W),-8.3,-8°,Wellington,New Zealand,-41.28,174.78,
Mar 25, 06:58:56,-1.1,57°,20° (NNE),Iridium 75,25 km (E),-8.3,-7°,Wellington,New Zealand,-41.28,174.78,
Mar 26, 06:52:54,0.7,56°,19° (NNE),Iridium 14,43 km (E),-8.2,-6°,Wellington,New Zealand,-41.28,174.78,
Mar 27, 16:45:33,0.0,47°,334° (NNW),Iridium 82,32 km (E),-8.4,-21°,Wellington,New Zealand,-41.28,174.78,
Mar 22, 22:34:46,-3.9,45°,13° (NNE),Iridium 62,10 km (W),-8.0,-15°,Cayenne,French Guiana,4.82,-52.3,
Mar 23, 22:28:40,-1.6,45°,14° (NNE),Iridium 65,23 km (E),-8.0,-13°,Cayenne,French Guiana,4.82,-52.3,
Mar 21, 11:06:02,-2.0,37°,4° (N),Iridium 82,12 km (E),-8.0,-15°,Guatemala City,Guatemala,14.62,-90.52,
Mar 24, 01:06:47,-2.5,43°,8° (N),Iridium 75,16 km (W),-7.9,-14°,Guatemala City,Guatemala,14.62,-90.52,
Mar 24, 11:34:08,-3.0,43°,11° (N),Iridium 15,14 km (W),-7.8,-8°,Guatemala City,Guatemala,14.62,-90.52,
Mar 25, 01:00:39,-7.8,44°,8° (N),Iridium 14,3 km (E),-7.9,-12°,Guatemala City,Guatemala,14.62,-90.52,
Mar 25, 11:28:21,-4.6,41°,11° (NNE),Iridium 80,8 km (E),-7.6,-9°,Guatemala City,Guatemala,14.62,-90.52,
Mar 26, 00:54:32,-2.1,46°,7° (N),Iridium 66,19 km (E),-7.9,-11°,Guatemala City,Guatemala,14.62,-90.52,
Mar 27, 10:34:44,-2.6,27°,358° (N),Iridium 82,21 km (W),-7.8,-22°,Guatemala City,Guatemala,14.62,-90.52,
Mar 20, 22:56:20,-4.1,53°,26° (NNE),Iridium 21,10 km (W),-8.2,-13°,Asunción,Paraguay,-25.25,-57.67,
Mar 21, 22:50:19,1.0,51°,29° (NNE),Iridium 70,50 km (E),-8.2,-12°,Asunción,Paraguay,-25.25,-57.67,
Mar 22, 09:27:12,0.8,49°,3° (N),Iridium 81,43 km (W),-8.0,-7°,Asunción,Paraguay,-25.25,-57.67,
Mar 23, 09:21:13,-7.5,48°,5° (N),Iridium 41,4 km (W),-7.9,-9°,Asunción,Paraguay,-25.25,-57.67,
Mar 24, 09:01:04,0.8,45°,350° (N),Iridium 39,46 km (W),-8.1,-13°,Asunción,Paraguay,-25.25,-57.67,
Mar 21, 02:52:22,-6.7,13°,107° (ESE),Iridium 13,72 km (E),-6.8,-25°,Aberdeen,Scotland,57.15,-2.15,
Mar 21, 04:13:20,-6.8,17°,17° (NNE),Iridium 40,3 km (E),-6.9,-16°,Aberdeen,Scotland,57.15,-2.15,
Mar 21, 19:53:34,-1.2,33°,2° (N),Iridium 70,25 km (E),-7.3,-13°,Aberdeen,Scotland,57.15,-2.15,
Mar 22, 02:33:34,-2.6,11°,108° (ESE),Iridium 90,202 km (E),-6.6,-26°,Aberdeen,Scotland,57.15,-2.15,
Mar 22, 02:58:10,-2.1,16°,110° (ESE),Iridium 13,22 km (W),-7.1,-24°,Aberdeen,Scotland,57.15,-2.15,
Mar 22, 19:47:21,-3.6,35°,1° (N),Iridium 64,12 km (E),-7.4,-11°,Aberdeen,Scotland,57.15,-2.15,
Mar 23, 03:57:13,0.3,14°,17° (NNE),Iridium 40,85 km (W),-6.6,-17°,Aberdeen,Scotland,57.15,-2.15,
Mar 23, 19:41:08,-2.5,37°,1° (N),Iridium 67,17 km (E),-7.5,-10°,Aberdeen,Scotland,57.15,-2.15,
Mar 24, 01:52:55,1.0,9°,101° (E),Iridium 54,231 km (W),-5.9,-28°,Aberdeen,Scotland,57.15,-2.15,
Mar 24, 02:58:23,-2.6,14°,106° (ESE),Iridium 40,83 km (E),-6.9,-23°,Aberdeen,Scotland,57.15,-2.15,
Mar 24, 19:34:57,-1.3,39°,1° (N),Iridium 72,24 km (E),-7.5,-9°,Aberdeen,Scotland,57.15,-2.15,
Mar 25, 01:55:47,-1.9,11°,106° (ESE),Iridium 86,115 km (W),-6.1,-28°,Aberdeen,Scotland,57.15,-2.15,
Mar 25, 02:05:08,0.4,13°,106° (ESE),Iridium 50,224 km (W),-6.2,-27°,Aberdeen,Scotland,57.15,-2.15,
Mar 25, 05:19:47,-7.2,35°,21° (NNE),Iridium 39,2 km (E),-7.3,-6°,Aberdeen,Scotland,57.15,-2.15,
Mar 25, 19:28:47,0.1,41°,1° (N),Iridium 62,36 km (E),-7.6,-8°,Aberdeen,Scotland,57.15,-2.15,
Mar 26, 01:49:36,-5.9,10°,106° (ESE),Iridium 52,20 km (E),-6.0,-28°,Aberdeen,Scotland,57.15,-2.15,
Mar 26, 01:58:55,-3.9,12°,108° (ESE),Iridium 53,63 km (W),-6.2,-27°,Aberdeen,Scotland,57.15,-2.15,
Mar 26, 02:08:10,-0.5,15°,110° (ESE),Iridium 84,157 km (W),-6.4,-26°,Aberdeen,Scotland,57.15,-2.15,
Mar 26, 02:34:44,-3.9,19°,117° (ESE),Iridium 90,34 km (E),-7.2,-24°,Aberdeen,Scotland,57.15,-2.15,
Mar 26, 19:22:36,0.6,43°,1° (N),Iridium 65,42 km (E),-7.7,-7°,Aberdeen,Scotland,57.15,-2.15,
Mar 27, 01:43:18,-0.2,9°,108° (ESE),Iridium 10,161 km (E),-6.0,-28°,Aberdeen,Scotland,57.15,-2.15,
Mar 27, 01:52:38,-2.1,11°,109° (ESE),Iridium 54,86 km (E),-6.2,-27°,Aberdeen,Scotland,57.15,-2.15,
Mar 27, 02:01:55,-6.3,14°,111° (ESE),Iridium 12,14 km (W),-6.4,-26°,Aberdeen,Scotland,57.15,-2.15,
Mar 21, 19:08:44,-1.6,33°,0° (N),Iridium 67,22 km (W),-7.2,-12°,Oslo,Norway,59.95,10.7,
Mar 22, 01:02:16,0.3,10°,95° (E),Iridium 84,240 km (W),-5.9,-27°,Oslo,Norway,59.95,10.7,
Mar 22, 19:02:31,-2.0,35°,360° (N),Iridium 72,19 km (W),-7.3,-11°,Oslo,Norway,59.95,10.7,
Mar 23, 00:56:03,-5.7,9°,96° (E),Iridium 12,45 km (W),-5.9,-27°,Oslo,Norway,59.95,10.7,
Mar 23, 01:14:32,0.6,13°,100° (E),Iridium 83,237 km (W),-6.2,-25°,Oslo,Norway,59.95,10.7,
Mar 23, 02:21:37,0.1,18°,105° (ESE),Iridium 40,100 km (W),-7.2,-20°,Oslo,Norway,59.95,10.7,
Mar 23, 18:56:20,-3.7,36°,360° (N),Iridium 62,11 km (W),-7.4,-10°,Oslo,Norway,59.95,10.7,
Mar 23, 22:36:56,0.8,15°,263° (W),Iridium 47,225 km (E),-6.4,-28°,Oslo,Norway,59.95,10.7,
Mar 23, 22:40:06,-3.6,11°,268° (W),Iridium 46,8 km (W),-6.3,-28°,Oslo,Norway,59.95,10.7,
Mar 23, 22:46:00,-1.5,13°,265° (W),Iridium 11,117 km (E),-6.3,-28°,Oslo,Norway,59.95,10.7,
Mar 24, 00:49:56,0.2,9°,97° (E),Iridium 86,152 km (E),-5.9,-26°,Oslo,Norway,59.95,10.7,
Mar 24, 00:59:08,-5.1,10°,99° (E),Iridium 50,38 km (E),-6.0,-26°,Oslo,Norway,59.95,10.7,
Mar 24, 01:08:33,-3.4,12°,100° (E),Iridium 56,72 km (W),-6.1,-25°,Oslo,Norway,59.95,10.7,
Mar 24, 01:17:33,-0.1,15°,102° (ESE),Iridium 52,174 km (W),-6.3,-25°,Oslo,Norway,59.95,10.7,
Mar 24, 01:48:09,-7.0,19°,111° (ESE),Iridium 90,56 km (E),-7.1,-23°,Oslo,Norway,59.95,10.7,
Mar 24, 18:50:07,-4.7,38°,359° (N),Iridium 65,8 km (W),-7.5,-9°,Oslo,Norway,59.95,10.7,
Mar 24, 22:16:27,0.7,16°,267° (W),Iridium 46,261 km (E),-6.6,-27°,Oslo,Norway,59.95,10.7,
Mar 24, 22:47:41,-3.8,12°,267° (W),Iridium 22,61 km (E),-6.2,-28°,Oslo,Norway,59.95,10.7,
Mar 24, 22:49:28,-3.8,12°,268° (W),Iridium 11,61 km (E),-6.2,-28°,Oslo,Norway,59.95,10.7,
Mar 25, 00:52:54,0.5,10°,100° (E),Iridium 53,213 km (E),-6.0,-26°,Oslo,Norway,59.95,10.7,
Mar 25, 01:02:04,-1.1,12°,102° (ESE),Iridium 84,118 km (E),-6.1,-25°,Oslo,Norway,59.95,10.7,
Mar 25, 01:11:21,-6.3,14°,104° (ESE),Iridium 10,1 km (W),-6.3,-25°,Oslo,Norway,59.95,10.7,
Mar 25, 01:20:36,-0.7,17°,105° (ESE),Iridium 54,126 km (W),-6.4,-24°,Oslo,Norway,59.95,10.7,
Mar 25, 02:04:37,0.1,17°,106° (ESE),Iridium 40,118 km (E),-7.1,-21°,Oslo,Norway,59.95,10.7,
Mar 25, 18:43:57,-4.4,40°,360° (N),Iridium 68,9 km (E),-7.6,-8°,Oslo,Norway,59.95,10.7,
Mar 25, 20:45:48,0.7,9°,359° (N),Iridium 23,112 km (E),-6.7,-21°,Oslo,Norway,59.95,10.7,
Mar 25, 22:47:22,-6.0,11°,271° (W),Iridium 25,27 km (E),-6.1,-28°,Oslo,Norway,59.95,10.7,
Mar 25, 22:56:05,-2.9,9°,273° (W),Iridium 76,66 km (W),-6.0,-28°,Oslo,Norway,59.95,10.7,
Mar 26, 01:14:28,-6.2,16°,107° (ESE),Iridium 83,18 km (E),-6.4,-24°,Oslo,Norway,59.95,10.7,
Mar 26, 01:23:41,-0.9,19°,109° (ESE),Iridium 86,101 km (W),-6.6,-24°,Oslo,Norway,59.95,10.7,
Mar 26, 04:43:53,-6.1,40°,24° (NNE),Iridium 41,6 km (E),-7.4,-3°,Oslo,Norway,59.95,10.7,
Mar 26, 18:37:46,-1.3,42°,0° (N),Iridium 75,23 km (E),-7.6,-7°,Oslo,Norway,59.95,10.7,
Mar 26, 22:10:28,-4.4,13°,267° (W),Iridium 94,137 km (W),-6.6,-26°,Oslo,Norway,59.95,10.7,
Mar 26, 22:37:29,0.4,13°,272° (W),Iridium 47,210 km (E),-6.2,-27°,Oslo,Norway,59.95,10.7,
Mar 26, 22:46:37,-2.3,11°,274° (W),Iridium 11,97 km (E),-6.1,-27°,Oslo,Norway,59.95,10.7,
Mar 27, 01:08:31,0.1,16°,107° (ESE),Iridium 56,135 km (E),-6.4,-24°,Oslo,Norway,59.95,10.7,
Mar 27, 01:17:33,-6.4,18°,109° (ESE),Iridium 52,13 km (E),-6.6,-24°,Oslo,Norway,59.95,10.7,
Mar 27, 01:26:50,-0.2,21°,111° (ESE),Iridium 53,112 km (W),-6.8,-23°,Oslo,Norway,59.95,10.7,
Mar 27, 01:51:05,-4.9,24°,116° (ESE),Iridium 13,41 km (E),-7.6,-21°,Oslo,Norway,59.95,10.7,
Mar 27, 18:31:35,-1.6,44°,360° (N),Iridium 14,21 km (E),-7.7,-6°,Oslo,Norway,59.95,10.7,
Mar 21, 01:44:46,-2.7,39°,11° (N),Iridium 64,16 km (W),-7.7,-17°,Veracruz,Mexico,19.17,-96.17,
Mar 22, 01:38:38,-2.9,40°,11° (NNE),Iridium 67,16 km (E),-7.8,-16°,Veracruz,Mexico,19.17,-96.17,
Mar 23, 01:32:31,0.9,40°,12° (NNE),Iridium 72,49 km (E),-7.8,-14°,Veracruz,Mexico,19.17,-96.17,
Mar 23, 12:03:56,0.5,45°,10° (N),Iridium 18,40 km (W),-7.8,-6°,Veracruz,Mexico,19.17,-96.17,
Mar 27, 01:17:08,-1.8,46°,2° (N),Iridium 70,19 km (W),-7.9,-10°,Veracruz,Mexico,19.17,-96.17,
Mar 21, 03:35:45,-0.5,49°,13° (NNE),Iridium 98,28 km (E),-7.9,-6°,Durban,South Africa,-29.88,30.88,
Mar 24, 16:43:41,0.2,56°,12° (NNE),Iridium 65,37 km (W),-8.2,-10°,Durban,South Africa,-29.88,30.88,
Mar 25, 16:37:39,-4.3,55°,15° (NNE),Iridium 68,9 km (E),-8.2,-9°,Durban,South Africa,-29.88,30.88,
Mar 21, 19:53:12,-1.1,50°,10° (N),Iridium 15,23 km (E),-8.0,-7°,Melbourne,Australia,-37.78,144.97,
Mar 23, 09:10:45,0.3,58°,17° (NNE),Iridium 67,38 km (W),-8.3,-9°,Melbourne,Australia,-37.78,144.97,
Mar 24, 09:04:43,-4.1,57°,17° (NNE),Iridium 72,9 km (W),-8.3,-8°,Melbourne,Australia,-37.78,144.97,
Mar 24, 19:40:09,-4.0,49°,1° (N),Iridium 15,9 km (E),-8.0,-10°,Melbourne,Australia,-37.78,144.97,
Mar 25, 08:58:42,-1.2,56°,19° (NNE),Iridium 62,24 km (E),-8.2,-8°,Melbourne,Australia,-37.78,144.97,
Mar 25, 19:35:46,-2.9,48°,359° (N),Iridium 80,14 km (E),-8.0,-11°,Melbourne,Australia,-37.78,144.97,
Mar 27, 19:27:07,-7.9,47°,353° (N),Iridium 15,2 km (W),-8.0,-13°,Melbourne,Australia,-37.78,144.97,
Mar 21, 01:54:01,0.5,38°,14° (NNE),Iridium 65,45 km (E),-7.7,-16°,Mexico City,Mexico,19.43,-99.12,
Mar 23, 11:29:10,0.1,33°,6° (N),Iridium 82,29 km (E),-7.9,-17°,Mexico City,Mexico,19.43,-99.12,
Mar 23, 12:13:10,-1.6,43°,15° (NNE),Iridium 15,20 km (E),-7.7,-7°,Mexico City,Mexico,19.43,-99.12,
Mar 26, 01:32:27,-1.7,45°,3° (N),Iridium 72,20 km (W),-7.9,-11°,Mexico City,Mexico,19.43,-99.12,
Mar 27, 01:26:20,-2.6,46°,5° (N),Iridium 62,16 km (E),-7.9,-10°,Mexico City,Mexico,19.43,-99.12,
Mar 21, 08:00:33,-0.4,46°,360° (N),Iridium 39,31 km (W),-8.0,-10°,Salvador,Brazil,-12.93,-38.45,
Mar 22, 21:34:44,-0.5,50°,16° (NNE),Iridium 67,31 km (W),-8.1,-13°,Salvador,Brazil,-12.93,-38.45,
Mar 23, 21:28:41,-7.9,50°,16° (NNE),Iridium 72,4 km (E),-8.1,-12°,Salvador,Brazil,-12.93,-38.45,
Mar 24, 21:22:39,0.7,49°,18° (NNE),Iridium 62,44 km (E),-8.1,-11°,Salvador,Brazil,-12.93,-38.45,
Mar 26, 07:34:27,-3.6,40°,356° (N),Iridium 39,10 km (E),-7.9,-16°,Salvador,Brazil,-12.93,-38.45,
Mar 21, 10:41:32,0.0,34°,6° (N),Iridium 67,37 km (E),-7.4,-15°,Vladivostok,Russia,43.17,132.0,
Mar 26, 10:19:51,-2.6,42°,359° (N),Iridium 70,15 km (W),-7.7,-10°,Vladivostok,Russia,43.17,132.0,
Mar 27, 10:13:41,-1.6,44°,358° (N),Iridium 64,20 km (W),-7.7,-8°,Vladivostok,Russia,43.17,132.0,
Mar 25, 18:40:22,-0.2,40°,358° (N),Iridium 68,32 km (W),-7.6,-10°,Zürich,Switzerland,47.35,8.52,
Mar 26, 04:05:29,-7.5,27°,15° (NNE),Iridium 82,4 km (W),-7.6,-13°,Zürich,Switzerland,47.35,8.52,
Mar 26, 04:32:04,-0.6,34°,16° (NNE),Iridium 39,32 km (W),-7.4,-8°,Zürich,Switzerland,47.35,8.52,
Mar 26, 18:34:12,-5.3,42°,359° (N),Iridium 75,6 km (W),-7.7,-9°,Zürich,Switzerland,47.35,8.52,
Mar 27, 18:28:01,-7.6,44°,358° (N),Iridium 14,1 km (W),-7.7,-7°,Zürich,Switzerland,47.35,8.52,
Mar 26, 19:17:53,-0.4,43°,358° (N),Iridium 65,30 km (W),-7.7,-9°,Madrid,Spain,40.43,-3.7,
Mar 27, 19:11:44,-6.0,45°,359° (N),Iridium 68,6 km (E),-7.8,-8°,Madrid,Spain,40.43,-3.7,
Mar 21, 02:51:19,-1.4,11°,110° (ESE),Iridium 13,55 km (W),-6.7,-27°,Leeds,England,53.75,-1.5,
Mar 21, 04:12:25,-7.0,17°,16° (NNE),Iridium 40,1 km (E),-7.0,-17°,Leeds,England,53.75,-1.5,
Mar 22, 02:57:08,0.5,15°,113° (ESE),Iridium 13,126 km (W),-7.1,-26°,Leeds,England,53.75,-1.5,
Mar 23, 03:56:22,-0.3,13°,16° (NNE),Iridium 40,71 km (W),-6.6,-19°,Leeds,England,53.75,-1.5,
Mar 23, 05:51:08,-6.9,45°,21° (NNE),Iridium 81,5 km (W),-7.7,-2°,Leeds,England,53.75,-1.5,
Mar 24, 02:57:20,-4.0,13°,109° (ESE),Iridium 40,8 km (W),-6.9,-25°,Leeds,England,53.75,-1.5,
Mar 25, 05:18:49,-0.8,36°,19° (NNE),Iridium 39,30 km (W),-7.4,-6°,Leeds,England,53.75,-1.5,
Mar 27, 19:15:32,-1.1,43°,356° (N),Iridium 68,24 km (W),-7.7,-7°,Leeds,England,53.75,-1.5,
Mar 21, 01:23:04,-6.6,13°,106° (ESE),Iridium 90,86 km (E),-6.7,-24°,Stockholm,Sweden,59.28,18.05,
Mar 22, 01:22:16,0.9,13°,106° (ESE),Iridium 13,211 km (E),-6.8,-24°,Stockholm,Sweden,59.28,18.05,
Mar 22, 01:43:27,-5.8,13°,101° (E),Iridium 40,4 km (E),-6.8,-22°,Stockholm,Sweden,59.28,18.05,
Mar 23, 00:28:25,-1.9,9°,97° (E),Iridium 84,116 km (W),-5.9,-27°,Stockholm,Sweden,59.28,18.05,
Mar 23, 00:37:38,0.0,11°,99° (E),Iridium 10,209 km (W),-6.0,-26°,Stockholm,Sweden,59.28,18.05,
Mar 23, 01:28:02,-1.4,16°,109° (ESE),Iridium 13,106 km (E),-7.1,-23°,Stockholm,Sweden,59.28,18.05,
Mar 23, 02:25:57,-1.2,10°,18° (NNE),Iridium 40,58 km (E),-6.1,-17°,Stockholm,Sweden,59.28,18.05,
Mar 23, 22:22:03,-4.4,10°,265° (W),Iridium 25,53 km (E),-6.1,-29°,Stockholm,Sweden,59.28,18.05,
Mar 23, 22:30:51,-0.4,9°,268° (W),Iridium 76,16 km (W),-6.0,-29°,Stockholm,Sweden,59.28,18.05,
Mar 24, 00:40:42,-1.6,13°,102° (ESE),Iridium 83,121 km (W),-6.1,-26°,Stockholm,Sweden,59.28,18.05,
Mar 24, 00:49:52,0.6,15°,104° (ESE),Iridium 86,215 km (W),-6.3,-25°,Stockholm,Sweden,59.28,18.05,
Mar 24, 01:33:51,-2.9,21°,113° (ESE),Iridium 13,7 km (W),-7.4,-22°,Stockholm,Sweden,59.28,18.05,
Mar 24, 18:22:36,0.8,38°,358° (N),Iridium 62,44 km (W),-7.4,-10°,Stockholm,Sweden,59.28,18.05,
Mar 24, 22:12:26,0.2,12°,266° (W),Iridium 11,197 km (E),-6.2,-28°,Stockholm,Sweden,59.28,18.05,
Mar 25, 00:25:15,-0.9,10°,101° (E),Iridium 50,139 km (E),-6.0,-26°,Stockholm,Sweden,59.28,18.05,
Mar 25, 00:34:43,-5.2,12°,102° (ESE),Iridium 56,35 km (E),-6.1,-26°,Stockholm,Sweden,59.28,18.05,
Mar 25, 00:43:44,-3.3,14°,104° (ESE),Iridium 52,69 km (W),-6.3,-25°,Stockholm,Sweden,59.28,18.05,
Mar 25, 00:53:00,0.4,17°,106° (ESE),Iridium 53,184 km (W),-6.4,-25°,Stockholm,Sweden,59.28,18.05,
Mar 25, 01:24:39,0.8,23°,115° (ESE),Iridium 90,65 km (W),-7.4,-22°,Stockholm,Sweden,59.28,18.05,
Mar 25, 18:16:24,0.5,39°,357° (N),Iridium 65,40 km (W),-7.5,-9°,Stockholm,Sweden,59.28,18.05,
Mar 25, 21:52:22,-0.9,13°,270° (W),Iridium 46,208 km (E),-6.4,-27°,Stockholm,Sweden,59.28,18.05,
Mar 25, 22:14:06,-1.0,12°,268° (W),Iridium 22,142 km (E),-6.2,-28°,Stockholm,Sweden,59.28,18.05,
Mar 25, 22:15:55,-1.0,11°,270° (W),Iridium 11,144 km (E),-6.1,-28°,Stockholm,Sweden,59.28,18.05,
Mar 26, 00:28:12,0.7,11°,105° (ESE),Iridium 84,209 km (E),-6.1,-26°,Stockholm,Sweden,59.28,18.05,
Mar 26, 00:37:30,-1.7,14°,106° (ESE),Iridium 10,89 km (E),-6.3,-25°,Stockholm,Sweden,59.28,18.05,
Mar 26, 00:46:47,-5.4,16°,107° (ESE),Iridium 54,36 km (W),-6.4,-25°,Stockholm,Sweden,59.28,18.05,
Mar 26, 00:56:01,0.3,19°,109° (ESE),Iridium 12,154 km (W),-6.6,-24°,Stockholm,Sweden,59.28,18.05,
Mar 26, 18:10:13,-1.5,41°,358° (N),Iridium 68,22 km (W),-7.6,-8°,Stockholm,Sweden,59.28,18.05,
Mar 26, 22:09:31,-0.6,11°,272° (W),Iridium 25,163 km (E),-6.1,-28°,Stockholm,Sweden,59.28,18.05,
Mar 26, 22:18:15,-3.6,10°,274° (W),Iridium 76,66 km (E),-6.0,-28°,Stockholm,Sweden,59.28,18.05,
Mar 27, 00:40:39,-1.2,16°,109° (ESE),Iridium 83,95 km (E),-6.4,-25°,Stockholm,Sweden,59.28,18.05,
Mar 27, 00:49:54,-5.5,19°,111° (ESE),Iridium 86,29 km (W),-6.6,-24°,Stockholm,Sweden,59.28,18.05,
Mar 27, 00:59:13,0.8,21°,112° (ESE),Iridium 50,157 km (W),-6.8,-23°,Stockholm,Sweden,59.28,18.05,
Mar 27, 18:04:02,-5.2,43°,358° (N),Iridium 75,6 km (W),-7.6,-7°,Stockholm,Sweden,59.28,18.05,
Mar 21, 18:28:47,-5.4,34°,3° (N),Iridium 14,7 km (E),-7.4,-14°,Vienna,Austria,48.23,16.33,
Mar 22, 18:22:34,-4.8,36°,2° (N),Iridium 66,8 km (E),-7.5,-13°,Vienna,Austria,48.23,16.33,
Mar 23, 18:16:23,0.5,38°,4° (N),Iridium 21,41 km (E),-7.6,-11°,Vienna,Austria,48.23,16.33,
Mar 24, 02:13:11,-0.8,42°,5° (N),Iridium 67,27 km (W),-7.8,-13°,Mazatlán,Mexico,23.2,-106.42,
Mar 25, 02:07:03,-7.7,43°,5° (N),Iridium 72,3 km (E),-7.8,-12°,Mazatlán,Mexico,23.2,-106.42,
Mar 26, 02:00:57,0.3,44°,7° (N),Iridium 62,38 km (E),-7.9,-10°,Mazatlán,Mexico,23.2,-106.42,
Mar 27, 12:22:45,0.0,38°,10° (N),Iridium 41,37 km (W),-7.5,-10°,Mazatlán,Mexico,23.2,-106.42,
Mar 20, 23:43:30,-1.1,40°,17° (NNE),Iridium 62,28 km (E),-7.8,-17°,Caracas,Venezuela,10.47,-67.03,
Mar 21, 10:14:53,-7.8,47°,14° (NNE),Iridium 81,1 km (W),-7.9,-5°,Caracas,Venezuela,10.47,-67.03,
Mar 25, 09:55:49,-0.9,42°,8° (N),Iridium 98,27 km (W),-7.7,-9°,Caracas,Venezuela,10.47,-67.03,
Mar 25, 23:22:00,0.3,46°,4° (N),Iridium 67,37 km (W),-7.9,-11°,Caracas,Venezuela,10.47,-67.03,
Mar 26, 23:15:54,-6.1,47°,4° (N),Iridium 72,5 km (W),-8.0,-10°,Caracas,Venezuela,10.47,-67.03,
Mar 21, 18:57:41,-0.9,34°,3° (N),Iridium 66,28 km (E),-7.4,-13°,Hamburg,Germany,53.55,10.03,
Mar 22, 03:18:14,-5.4,15°,16° (NNE),Iridium 40,13 km (W),-6.8,-18°,Hamburg,Germany,53.55,10.03,
Mar 23, 02:19:35,0.6,13°,108° (ESE),Iridium 40,173 km (W),-6.9,-25°,Hamburg,Germany,53.55,10.03,
Mar 25, 02:02:29,-1.8,11°,110° (ESE),Iridium 40,129 km (E),-6.8,-26°,Hamburg,Germany,53.55,10.03,
Mar 26, 18:36:00,0.3,41°,357° (N),Iridium 75,36 km (W),-7.6,-8°,Hamburg,Germany,53.55,10.03,
Mar 27, 18:29:49,0.2,43°,356° (N),Iridium 14,35 km (W),-7.6,-7°,Hamburg,Germany,53.55,10.03,
Mar 23, 06:18:10,-7.2,44°,18° (NNE),Iridium 41,4 km (E),-7.6,-4°,Lisbon,Portugal,38.73,-9.15,
Mar 23, 19:54:08,-0.6,39°,1° (N),Iridium 21,29 km (W),-7.6,-13°,Lisbon,Portugal,38.73,-9.15,
Mar 24, 19:47:59,-1.9,40°,4° (N),Iridium 70,20 km (E),-7.7,-12°,Lisbon,Portugal,38.73,-9.15,
Mar 25, 19:41:48,-2.3,42°,2° (N),Iridium 64,18 km (E),-7.7,-10°,Lisbon,Portugal,38.73,-9.15,
Mar 26, 06:00:17,-1.7,39°,18° (NNE),Iridium 80,21 km (E),-7.4,-7°,Lisbon,Portugal,38.73,-9.15,
Mar 26, 19:35:38,0.1,43°,3° (N),Iridium 67,36 km (E),-7.8,-9°,Lisbon,Portugal,38.73,-9.15,
Mar 20, 22:26:50,-3.2,45°,18° (NNE),Iridium 65,13 km (W),-8.0,-16°,Belém,Brazil,-1.47,-48.48,
Mar 21, 22:20:48,0.3,44°,20° (NNE),Iridium 68,42 km (E),-8.0,-15°,Belém,Brazil,-1.47,-48.48,
Mar 24, 08:45:23,-1.3,44°,6° (N),Iridium 98,24 km (W),-7.8,-9°,Belém,Brazil,-1.47,-48.48,
Mar 26, 08:34:07,-4.3,41°,4° (N),Iridium 15,10 km (W),-7.8,-11°,Belém,Brazil,-1.47,-48.48,
Mar 26, 21:59:26,0.1,49°,4° (N),Iridium 62,35 km (W),-8.0,-10°,Belém,Brazil,-1.47,-48.48,
Mar 27, 21:53:19,-7.5,50°,5° (N),Iridium 65,3 km (W),-8.0,-9°,Belém,Brazil,-1.47,-48.48,
Mar 25, 21:50:00,0.2,54°,9° (N),Iridium 21,36 km (W),-8.1,-10°,São Paulo,Brazil,-23.52,-46.52,
Mar 26, 21:43:58,-1.1,53°,14° (NNE),Iridium 70,25 km (E),-8.2,-8°,São Paulo,Brazil,-23.52,-46.52,
Mar 27, 21:37:54,-0.2,53°,11° (N),Iridium 64,32 km (E),-8.1,-7°,São Paulo,Brazil,-23.52,-46.52,
Mar 23, 18:21:07,-0.6,40°,2° (N),Iridium 72,29 km (W),-7.6,-13°,Tripoli,Libya,32.95,13.2,
Mar 24, 02:57:00,-1.1,9°,7° (N),Iridium 40,48 km (E),-6.5,-27°,Tripoli,Libya,32.95,13.2,
Mar 24, 18:14:59,-7.6,41°,4° (N),Iridium 62,2 km (E),-7.7,-12°,Tripoli,Libya,32.95,13.2,
Mar 25, 03:50:56,0.0,28°,11° (N),Iridium 82,30 km (E),-7.7,-16°,Tripoli,Libya,32.95,13.2,
Mar 25, 18:08:49,-1.2,42°,4° (N),Iridium 65,25 km (E),-7.8,-11°,Tripoli,Libya,32.95,13.2,
Mar 21, 02:35:42,-1.7,19°,8° (N),Iridium 40,24 km (E),-7.4,-22°,Athens,Greece,37.97,23.72,
Mar 21, 17:49:15,0.0,35°,7° (N),Iridium 72,38 km (E),-7.5,-15°,Athens,Greece,37.97,23.72,
Mar 23, 02:20:10,0.0,11°,10° (N),Iridium 40,57 km (E),-6.7,-25°,Athens,Greece,37.97,23.72,
Mar 23, 04:06:38,-5.4,44°,18° (NNE),Iridium 81,6 km (E),-7.7,-4°,Athens,Greece,37.97,23.72,
Mar 25, 03:34:57,-2.0,35°,15° (NNE),Iridium 39,19 km (E),-7.4,-10°,Athens,Greece,37.97,23.72,
Mar 25, 17:33:46,-0.3,41°,359° (N),Iridium 70,31 km (W),-7.7,-11°,Athens,Greece,37.97,23.72,
Mar 26, 17:27:35,0.0,43°,358° (N),Iridium 64,33 km (W),-7.7,-10°,Athens,Greece,37.97,23.72,
Mar 27, 03:46:10,0.5,39°,15° (NNE),Iridium 80,43 km (W),-7.5,-7°,Athens,Greece,37.97,23.72,
Mar 27, 17:21:25,-2.7,45°,358° (N),Iridium 67,14 km (W),-7.8,-8°,Athens,Greece,37.97,23.72,
Mar 23, 10:12:47,-2.6,47°,4° (N),Iridium 18,16 km (W),-8.0,-8°,Iquique,Chile,-20.17,-70.12,
Mar 23, 23:34:27,0.4,53°,13° (NNE),Iridium 62,39 km (W),-8.2,-12°,Iquique,Chile,-20.17,-70.12,
Mar 24, 23:28:23,-4.7,53°,14° (NNE),Iridium 65,8 km (W),-8.2,-10°,Iquique,Chile,-20.17,-70.12,
Mar 25, 23:22:20,0.6,52°,17° (NNE),Iridium 68,42 km (E),-8.2,-9°,Iquique,Chile,-20.17,-70.12,
Mar 22, 16:34:19,-0.1,41°,6° (N),Iridium 66,34 km (W),-7.7,-15°,Mecca,Saudi Arabia,21.48,39.75,
Mar 23, 16:28:12,-2.0,41°,9° (N),Iridium 21,20 km (E),-7.8,-14°,Mecca,Saudi Arabia,21.48,39.75,
Mar 24, 02:35:47,-1.7,38°,11° (N),Iridium 39,20 km (E),-7.6,-11°,Mecca,Saudi Arabia,21.48,39.75,
Mar 26, 02:43:42,0.1,39°,15° (NNE),Iridium 98,37 km (E),-7.5,-9°,Mecca,Saudi Arabia,21.48,39.75,
Mar 21, 00:51:09,-7.0,38°,10° (N),Iridium 21,4 km (W),-7.7,-17°,Havana,Cuba,23.13,-82.38,
Mar 24, 05:03:17,-4.8,43°,21° (NNE),Iridium 15,7 km (E),-7.6,-3°,Frankfurt,Germany,50.12,8.68,
Mar 24, 18:47:20,0.4,39°,358° (N),Iridium 65,38 km (W),-7.5,-11°,Frankfurt,Germany,50.12,8.68,
Mar 25, 18:41:09,-3.5,40°,359° (N),Iridium 68,11 km (W),-7.6,-10°,Frankfurt,Germany,50.12,8.68,
Mar 26, 04:06:08,-1.4,28°,16° (NNE),Iridium 82,26 km (W),-7.7,-12°,Frankfurt,Germany,50.12,8.68,
Mar 26, 18:34:59,-3.5,42°,360° (N),Iridium 75,12 km (E),-7.7,-8°,Frankfurt,Germany,50.12,8.68,
Mar 27, 18:28:48,-2.7,44°,359° (N),Iridium 14,15 km (E),-7.7,-7°,Frankfurt,Germany,50.12,8.68,
Mar 21, 01:05:44,-2.9,10°,96° (E),Iridium 40,113 km (E),-6.5,-22°,Helsinki,Finland,60.17,25.0,
Mar 21, 01:17:05,0.2,19°,108° (ESE),Iridium 13,85 km (W),-7.3,-21°,Helsinki,Finland,60.17,25.0,
Mar 21, 18:14:03,-1.4,32°,0° (N),Iridium 70,23 km (W),-7.2,-13°,Helsinki,Finland,60.17,25.0,
Mar 22, 00:07:39,0.7,10°,95° (E),Iridium 83,263 km (W),-5.9,-26°,Helsinki,Finland,60.17,25.0,
Mar 22, 01:00:20,-1.2,17°,108° (ESE),Iridium 90,7 km (W),-7.0,-22°,Helsinki,Finland,60.17,25.0,
Mar 22, 03:25:16,0.4,33°,22° (NNE),Iridium 82,33 km (E),-7.8,-7°,Helsinki,Finland,60.17,25.0,
Mar 22, 18:07:50,0.3,34°,359° (N),Iridium 64,39 km (W),-7.2,-12°,Helsinki,Finland,60.17,25.0,
Mar 22, 21:29:28,-0.7,16°,263° (W),Iridium 46,163 km (E),-6.6,-28°,Helsinki,Finland,60.17,25.0,
Mar 23, 00:01:39,-3.3,10°,95° (E),Iridium 56,82 km (W),-5.9,-26°,Helsinki,Finland,60.17,25.0,
Mar 23, 00:10:38,-0.7,12°,97° (E),Iridium 52,169 km (W),-6.0,-26°,Helsinki,Finland,60.17,25.0,
Mar 23, 18:01:37,0.2,36°,359° (N),Iridium 67,37 km (W),-7.3,-10°,Helsinki,Finland,60.17,25.0,
Mar 23, 21:40:41,0.1,16°,262° (W),Iridium 22,177 km (E),-6.5,-28°,Helsinki,Finland,60.17,25.0,
Mar 23, 21:42:26,-0.1,15°,263° (W),Iridium 11,172 km (E),-6.4,-28°,Helsinki,Finland,60.17,25.0,
Mar 23, 23:55:09,-1.0,9°,98° (E),Iridium 84,137 km (E),-5.9,-26°,Helsinki,Finland,60.17,25.0,
Mar 24, 00:04:23,-5.3,11°,99° (E),Iridium 10,35 km (E),-6.1,-26°,Helsinki,Finland,60.17,25.0,
Mar 24, 00:13:38,-2.7,13°,100° (E),Iridium 54,85 km (W),-6.2,-25°,Helsinki,Finland,60.17,25.0,
Mar 24, 00:22:48,0.2,16°,103° (ESE),Iridium 12,184 km (W),-6.4,-24°,Helsinki,Finland,60.17,25.0,
Mar 24, 17:55:25,-0.2,38°,358° (N),Iridium 72,33 km (W),-7.4,-9°,Helsinki,Finland,60.17,25.0,
Mar 24, 21:44:53,-2.7,13°,267° (W),Iridium 25,82 km (E),-6.3,-28°,Helsinki,Finland,60.17,25.0,
Mar 24, 21:53:33,-6.0,11°,269° (W),Iridium 76,17 km (W),-6.2,-28°,Helsinki,Finland,60.17,25.0,
Mar 24, 22:03:39,-3.1,10°,271° (W),Iridium 47,59 km (W),-6.0,-28°,Helsinki,Finland,60.17,25.0,
Mar 25, 00:07:28,-1.8,13°,102° (ESE),Iridium 83,91 km (E),-6.2,-25°,Helsinki,Finland,60.17,25.0,
Mar 25, 00:16:39,-6.3,15°,104° (ESE),Iridium 86,20 km (W),-6.4,-24°,Helsinki,Finland,60.17,25.0,
Mar 25, 00:25:57,0.0,18°,105° (ESE),Iridium 50,152 km (W),-6.5,-24°,Helsinki,Finland,60.17,25.0,
Mar 25, 17:49:15,-1.2,40°,358° (N),Iridium 62,23 km (W),-7.5,-8°,Helsinki,Finland,60.17,25.0,
Mar 25, 21:23:58,0.4,11°,266° (W),Iridium 94,283 km (W),-6.6,-27°,Helsinki,Finland,60.17,25.0,
Mar 25, 21:39:31,0.4,14°,269° (W),Iridium 11,202 km (E),-6.3,-27°,Helsinki,Finland,60.17,25.0,
Mar 26, 00:10:31,-0.9,14°,105° (ESE),Iridium 52,109 km (E),-6.3,-24°,Helsinki,Finland,60.17,25.0,
Mar 26, 00:19:47,-6.4,17°,106° (ESE),Iridium 53,13 km (W),-6.5,-24°,Helsinki,Finland,60.17,25.0,
Mar 26, 00:28:59,0.1,20°,109° (ESE),Iridium 84,130 km (W),-6.7,-23°,Helsinki,Finland,60.17,25.0,
Mar 26, 01:09:59,-1.7,20°,108° (ESE),Iridium 40,62 km (E),-7.4,-20°,Helsinki,Finland,60.17,25.0,
Mar 26, 17:43:03,-1.8,41°,358° (N),Iridium 65,19 km (W),-7.6,-7°,Helsinki,Finland,60.17,25.0,
Mar 26, 21:28:52,-6.2,12°,275° (W),Iridium 46,94 km (E),-6.3,-26°,Helsinki,Finland,60.17,25.0,
Mar 26, 21:41:09,-0.7,13°,271° (W),Iridium 22,151 km (E),-6.3,-27°,Helsinki,Finland,60.17,25.0,
Mar 26, 21:43:00,-0.7,13°,273° (W),Iridium 11,152 km (E),-6.2,-27°,Helsinki,Finland,60.17,25.0,
Mar 27, 00:13:33,-0.5,16°,107° (ESE),Iridium 54,109 km (E),-6.5,-24°,Helsinki,Finland,60.17,25.0,
Mar 27, 00:22:48,-6.6,20°,110° (ESE),Iridium 12,14 km (W),-6.7,-23°,Helsinki,Finland,60.17,25.0,
Mar 27, 00:37:37,-0.4,21°,115° (ESE),Iridium 90,119 km (E),-7.2,-22°,Helsinki,Finland,60.17,25.0,
Mar 27, 17:36:53,-7.6,43°,358° (N),Iridium 68,2 km (W),-7.7,-6°,Helsinki,Finland,60.17,25.0,
Mar 27, 21:23:01,-0.3,10°,272° (W),Iridium 94,259 km (W),-6.4,-26°,Helsinki,Finland,60.17,25.0,
Mar 27, 21:32:17,0.8,14°,273° (W),Iridium 25,241 km (E),-6.3,-26°,Helsinki,Finland,60.17,25.0,
Mar 27, 21:41:02,-1.3,12°,275° (W),Iridium 76,131 km (E),-6.2,-26°,Helsinki,Finland,60.17,25.0,
Mar 23, 18:46:02,0.7,36°,358° (N),Iridium 70,43 km (W),-7.3,-11°,Copenhagen,Denmark,55.67,12.57,
Mar 24, 01:46:51,0.6,18°,116° (ESE),Iridium 90,61 km (W),-7.1,-25°,Copenhagen,Denmark,55.67,12.57,
Mar 25, 01:38:07,0.8,14°,114° (ESE),Iridium 13,197 km (E),-7.0,-26°,Copenhagen,Denmark,55.67,12.57,
Mar 25, 02:03:20,-4.8,16°,110° (ESE),Iridium 40,5 km (W),-7.2,-23°,Copenhagen,Denmark,55.67,12.57,
Mar 25, 03:56:41,-7.0,29°,19° (NNE),Iridium 82,8 km (W),-7.7,-10°,Copenhagen,Denmark,55.67,12.57,
Mar 26, 00:54:12,-0.9,10°,109° (ESE),Iridium 12,150 km (W),-6.0,-29°,Copenhagen,Denmark,55.67,12.57,
Mar 26, 01:43:59,-4.4,18°,118° (ESE),Iridium 13,64 km (E),-7.3,-25°,Copenhagen,Denmark,55.67,12.57,
Mar 26, 18:27:27,0.4,41°,356° (N),Iridium 72,38 km (W),-7.6,-8°,Copenhagen,Denmark,55.67,12.57,
Mar 27, 00:47:58,-6.0,9°,111° (ESE),Iridium 86,12 km (W),-6.0,-29°,Copenhagen,Denmark,55.67,12.57,
Mar 27, 00:57:23,-2.8,11°,111° (ESE),Iridium 50,86 km (W),-6.2,-28°,Copenhagen,Denmark,55.67,12.57,
Mar 27, 01:06:57,-0.1,14°,112° (ESE),Iridium 56,181 km (W),-6.3,-27°,Copenhagen,Denmark,55.67,12.57,
Mar 27, 01:49:52,0.8,24°,121° (ESE),Iridium 13,74 km (W),-7.7,-24°,Copenhagen,Denmark,55.67,12.57,
Mar 27, 18:21:17,-1.0,43°,356° (N),Iridium 62,24 km (W),-7.6,-7°,Copenhagen,Denmark,55.67,12.57,
Mar 25, 10:59:05,0.2,42°,0° (N),Iridium 62,35 km (W),-7.7,-12°,Shanghai,China,31.17,121.47,
Mar 26, 10:52:55,-3.2,44°,1° (N),Iridium 65,12 km (W),-7.8,-10°,Shanghai,China,31.17,121.47,
Mar 27, 10:46:47,-0.5,45°,3° (N),Iridium 68,30 km (E),-7.8,-9°,Shanghai,China,31.17,121.47,
Mar 22, 14:10:19,0.0,38°,5° (N),Iridium 70,35 km (W),-7.6,-15°,New Delhi,India,28.58,77.2,
Mar 23, 14:04:08,-0.2,40°,4° (N),Iridium 64,32 km (W),-7.7,-14°,New Delhi,India,28.58,77.2,
Mar 24, 13:57:58,-4.9,42°,4° (N),Iridium 67,7 km (W),-7.7,-12°,New Delhi,India,28.58,77.2,
Mar 25, 13:51:50,-1.9,43°,5° (N),Iridium 72,20 km (E),-7.8,-11°,New Delhi,India,28.58,77.2,
Mar 22, 21:50:05,-3.7,53°,20° (NNE),Iridium 21,11 km (W),-8.2,-12°,Rio de Janeiro,Brazil,-22.95,-43.2,
Mar 23, 08:07:10,-4.0,46°,356° (N),Iridium 39,11 km (W),-8.0,-12°,Rio de Janeiro,Brazil,-22.95,-43.2,
Mar 25, 08:15:02,-2.4,46°,360° (N),Iridium 41,17 km (W),-7.9,-11°,Rio de Janeiro,Brazil,-22.95,-43.2,
Mar 24, 01:57:32,-3.5,33°,0° (N),Iridium 82,6 km (E),-7.9,-18°,Djibouti,Djibouti,11.5,43.05,
Mar 25, 02:34:48,-1.2,41°,12° (NNE),Iridium 15,23 km (E),-7.7,-9°,Djibouti,Djibouti,11.5,43.05,
Mar 25, 16:03:55,0.7,46°,3° (N),Iridium 14,42 km (W),-7.9,-12°,Djibouti,Djibouti,11.5,43.05,
Mar 26, 02:31:42,-0.8,41°,7° (N),Iridium 80,28 km (W),-7.7,-10°,Djibouti,Djibouti,11.5,43.05,
Mar 26, 15:57:48,-0.8,47°,3° (N),Iridium 66,27 km (W),-7.9,-10°,Djibouti,Djibouti,11.5,43.05,
Mar 27, 15:51:42,-0.6,47°,6° (N),Iridium 21,29 km (E),-8.0,-9°,Djibouti,Djibouti,11.5,43.05,
Mar 21, 03:42:21,-7.7,48°,19° (NNE),Iridium 81,2 km (W),-7.8,-2°,Ankara,Turkey,39.92,32.92,
Mar 21, 17:13:17,0.4,35°,7° (N),Iridium 66,41 km (E),-7.5,-15°,Ankara,Turkey,39.92,32.92,
Mar 25, 16:57:47,0.5,41°,358° (N),Iridium 68,39 km (W),-7.6,-11°,Ankara,Turkey,39.92,32.92,
Mar 26, 02:26:55,-1.1,26°,13° (NNE),Iridium 82,22 km (E),-7.6,-15°,Ankara,Turkey,39.92,32.92,
Mar 26, 16:51:37,-4.7,43°,360° (N),Iridium 75,8 km (W),-7.7,-9°,Ankara,Turkey,39.92,32.92,
Mar 27, 03:07:30,-7.3,38°,17° (NNE),Iridium 15,2 km (W),-7.4,-7°,Ankara,Turkey,39.92,32.92,
Mar 27, 16:45:27,-7.8,44°,359° (N),Iridium 14,1 km (E),-7.8,-8°,Ankara,Turkey,39.92,32.92,
Mar 25, 14:07:22,-5.6,44°,6° (N),Iridium 70,7 km (E),-7.9,-12°,Bombay,India,19.0,72.8,
Mar 26, 14:01:14,-4.2,45°,5° (N),Iridium 64,10 km (E),-7.9,-10°,Bombay,India,19.0,72.8,
Mar 27, 00:29:06,0.1,39°,9° (N),Iridium 98,38 km (W),-7.6,-10°,Bombay,India,19.0,72.8,
Mar 27, 13:55:06,0.2,46°,6° (N),Iridium 67,37 km (E),-7.9,-9°,Bombay,India,19.0,72.8,
Mar 21, 17:18:26,0.5,48°,341° (NNW),Iridium 82,45 km (W),-8.3,-14°,Auckland,New Zealand,-36.87,174.75,
Mar 23, 07:12:17,0.4,58°,17° (NNE),Iridium 65,39 km (W),-8.3,-10°,Auckland,New Zealand,-36.87,174.75,
Mar 24, 07:06:16,-7.6,57°,20° (NNE),Iridium 68,4 km (E),-8.3,-9°,Auckland,New Zealand,-36.87,174.75,
Mar 25, 07:00:13,0.7,55°,22° (NNE),Iridium 75,43 km (E),-8.2,-8°,Auckland,New Zealand,-36.87,174.75,
Mar 27, 16:46:52,-0.4,44°,336° (NNW),Iridium 82,27 km (E),-8.3,-21°,Auckland,New Zealand,-36.87,174.75,
Mar 21, 19:51:37,0.6,34°,4° (N),Iridium 70,44 km (E),-7.4,-13°,Plymouth,England,50.42,-4.08,
Mar 22, 19:45:24,-0.1,36°,3° (N),Iridium 64,35 km (E),-7.5,-12°,Plymouth,England,50.42,-4.08,
Mar 23, 19:39:11,0.8,38°,3° (N),Iridium 67,46 km (E),-7.6,-11°,Plymouth,England,50.42,-4.08,
Mar 22, 23:32:27,-3.9,51°,18° (NNE),Iridium 21,10 km (W),-8.2,-13°,La Paz,Bolivia,-16.45,-68.37,
Mar 23, 09:48:40,-3.8,44°,357° (N),Iridium 39,12 km (W),-8.0,-13°,La Paz,Bolivia,-16.45,-68.37,
Mar 25, 09:57:21,0.4,45°,359° (N),Iridium 41,40 km (W),-7.9,-11°,La Paz,Bolivia,-16.45,-68.37,
Mar 21, 15:52:03,0.1,49°,26° (NNE),Iridium 72,39 km (E),-8.2,-13°,Tananarive,Madagascar,-18.83,47.55,
Mar 23, 02:22:53,-2.7,47°,8° (N),Iridium 80,15 km (E),-7.9,-8°,Tananarive,Madagascar,-18.83,47.55,
Mar 25, 15:36:54,-1.4,52°,11° (N),Iridium 70,22 km (W),-8.1,-10°,Tananarive,Madagascar,-18.83,47.55,
Mar 26, 15:30:50,-2.7,53°,9° (N),Iridium 64,14 km (W),-8.1,-9°,Tananarive,Madagascar,-18.83,47.55,
Mar 27, 15:24:45,-2.5,52°,9° (N),Iridium 67,16 km (E),-8.1,-8°,Tananarive,Madagascar,-18.83,47.55,
Mar 21, 20:47:33,-3.4,47°,17° (NNE),Iridium 41,12 km (W),-7.8,-3°,Osaka,Japan,34.53,135.5,
Mar 24, 20:29:38,-2.4,41°,18° (NNE),Iridium 80,16 km (E),-7.5,-6°,Osaka,Japan,34.53,135.5,
Mar 25, 10:05:14,0.7,42°,359° (N),Iridium 67,42 km (W),-7.7,-11°,Osaka,Japan,34.53,135.5,
Mar 26, 09:59:05,-1.8,43°,360° (N),Iridium 72,19 km (W),-7.7,-10°,Osaka,Japan,34.53,135.5,
Mar 27, 09:52:57,-4.1,45°,1° (N),Iridium 62,10 km (E),-7.8,-9°,Osaka,Japan,34.53,135.5,
Mar 20, 23:21:53,-0.6,56°,25° (NNE),Iridium 70,30 km (W),-8.3,-12°,Córdoba,Argentina,-31.47,-64.17,
Mar 21, 09:16:22,-0.8,47°,345° (NNW),Iridium 82,32 km (W),-8.3,-14°,Córdoba,Argentina,-31.47,-64.17,
Mar 21, 09:54:00,-1.6,49°,11° (N),Iridium 15,20 km (E),-8.0,-7°,Córdoba,Argentina,-31.47,-64.17,
Mar 21, 23:15:51,-1.5,56°,23° (NNE),Iridium 64,22 km (W),-8.3,-11°,Córdoba,Argentina,-31.47,-64.17,
Mar 22, 23:09:47,-5.7,55°,23° (NNE),Iridium 67,6 km (E),-8.3,-10°,Córdoba,Argentina,-31.47,-64.17,
Mar 23, 23:03:46,0.1,54°,23° (NNE),Iridium 72,37 km (E),-8.2,-9°,Córdoba,Argentina,-31.47,-64.17,
Mar 24, 09:40:59,-7.8,48°,2° (N),Iridium 15,3 km (W),-8.0,-10°,Córdoba,Argentina,-31.47,-64.17,
Mar 25, 09:34:47,0.7,47°,4° (N),Iridium 80,42 km (E),-7.9,-11°,Córdoba,Argentina,-31.47,-64.17,
Mar 27, 08:44:51,0.2,43°,339° (NNW),Iridium 82,33 km (E),-8.3,-22°,Córdoba,Argentina,-31.47,-64.17,
Mar 27, 09:27:59,-1.2,45°,353° (N),Iridium 15,24 km (W),-8.0,-13°,Córdoba,Argentina,-31.47,-64.17,
Mar 22, 03:21:09,-0.6,35°,12° (NNE),Iridium 82,32 km (W),-8.0,-10°,Bucharest,Romania,44.42,26.12,
Mar 23, 03:59:13,-7.6,45°,19° (NNE),Iridium 15,2 km (W),-7.7,-3°,Bucharest,Romania,44.42,26.12,
Mar 24, 17:32:38,-0.9,39°,360° (N),Iridium 68,25 km (W),-7.6,-11°,Bucharest,Romania,44.42,26.12,
Mar 25, 17:26:27,-7.5,41°,1° (N),Iridium 75,3 km (E),-7.7,-10°,Bucharest,Romania,44.42,26.12,
Mar 26, 17:20:16,-4.3,43°,0° (N),Iridium 14,9 km (E),-7.7,-9°,Bucharest,Romania,44.42,26.12,
Mar 27, 17:14:07,-3.2,44°,359° (N),Iridium 66,13 km (E),-7.8,-7°,Bucharest,Romania,44.42,26.12,
Mar 21, 02:51:49,-1.9,9°,107° (ESE),Iridium 13,181 km (E),-6.6,-27°,Glasgow,Scotland,55.83,-4.25,
Mar 21, 02:56:27,-0.4,12°,109° (ESE),Iridium 90,17 km (W),-6.7,-26°,Glasgow,Scotland,55.83,-4.25,
Mar 21, 20:02:22,0.0,33°,360° (N),Iridium 62,35 km (W),-7.2,-13°,Glasgow,Scotland,55.83,-4.25,
Mar 22, 02:57:37,-4.7,13°,110° (ESE),Iridium 13,92 km (E),-6.8,-26°,Glasgow,Scotland,55.83,-4.25,
Mar 22, 03:14:45,-0.8,12°,104° (ESE),Iridium 40,99 km (W),-6.8,-24°,Glasgow,Scotland,55.83,-4.25,
Mar 22, 19:56:08,-0.5,35°,359° (N),Iridium 65,30 km (W),-7.3,-12°,Glasgow,Scotland,55.83,-4.25,
Mar 23, 03:03:26,-2.3,17°,113° (ESE),Iridium 13,15 km (W),-7.2,-25°,Glasgow,Scotland,55.83,-4.25,
Mar 23, 03:57:31,-1.0,9°,17° (NNE),Iridium 40,66 km (E),-6.1,-19°,Glasgow,Scotland,55.83,-4.25,
Mar 23, 19:49:56,-4.2,37°,360° (N),Iridium 68,9 km (W),-7.4,-11°,Glasgow,Scotland,55.83,-4.25,
Mar 24, 02:57:51,0.2,11°,106° (ESE),Iridium 40,202 km (E),-6.7,-25°,Glasgow,Scotland,55.83,-4.25,
Mar 24, 19:43:45,-4.8,39°,0° (N),Iridium 75,8 km (E),-7.5,-10°,Glasgow,Scotland,55.83,-4.25,
Mar 25, 02:04:29,0.9,9°,106° (ESE),Iridium 50,265 km (W),-6.0,-29°,Glasgow,Scotland,55.83,-4.25,
Mar 25, 19:37:33,-5.0,40°,360° (N),Iridium 14,8 km (E),-7.6,-9°,Glasgow,Scotland,55.83,-4.25,
Mar 26, 01:58:17,-1.1,9°,107° (ESE),Iridium 53,117 km (W),-6.0,-29°,Glasgow,Scotland,55.83,-4.25,
Mar 26, 02:07:28,-0.5,11°,110° (ESE),Iridium 84,172 km (W),-6.2,-28°,Glasgow,Scotland,55.83,-4.25,
Mar 26, 02:34:05,-1.6,15°,117° (ESE),Iridium 90,162 km (E),-6.9,-26°,Glasgow,Scotland,55.83,-4.25,
Mar 26, 19:31:23,-6.7,42°,359° (N),Iridium 66,5 km (E),-7.6,-8°,Glasgow,Scotland,55.83,-4.25,
Mar 27, 02:01:12,-6.0,11°,111° (ESE),Iridium 12,33 km (W),-6.1,-28°,Glasgow,Scotland,55.83,-4.25,
Mar 27, 02:20:00,0.8,16°,114° (ESE),Iridium 83,224 km (W),-6.5,-27°,Glasgow,Scotland,55.83,-4.25,
Mar 27, 19:25:13,-0.4,44°,0° (N),Iridium 21,31 km (E),-7.7,-6°,Glasgow,Scotland,55.83,-4.25,
Mar 25, 11:23:55,0.4,44°,2° (N),Iridium 65,38 km (W),-7.8,-12°,Hong Kong,China,22.33,114.18,
Mar 26, 11:17:48,-4.3,45°,4° (N),Iridium 68,10 km (E),-7.9,-10°,Hong Kong,China,22.33,114.18,
Mar 21, 15:59:01,-2.0,36°,4° (N),Iridium 21,19 km (W),-7.5,-16°,Teheran,Iran,35.75,51.75,
Mar 22, 15:52:53,-0.3,37°,7° (N),Iridium 70,33 km (E),-7.6,-14°,Teheran,Iran,35.75,51.75,
Mar 23, 15:46:41,-0.3,39°,6° (N),Iridium 64,33 km (E),-7.7,-13°,Teheran,Iran,35.75,51.75,
Mar 24, 02:56:43,0.7,13°,111° (ESE),Iridium 40,179 km (W),-7.0,-26°,London,England,51.53,-0.08,
Mar 24, 05:39:11,-5.3,43°,21° (NNE),Iridium 98,6 km (E),-7.5,-3°,London,England,51.53,-0.08,
Mar 24, 19:24:16,0.5,38°,358° (N),Iridium 21,39 km (W),-7.5,-11°,London,England,51.53,-0.08,
Mar 25, 19:18:06,-7.1,40°,359° (N),Iridium 70,4 km (W),-7.6,-9°,London,England,51.53,-0.08,
Mar 26, 19:11:55,-3.3,42°,358° (N),Iridium 64,12 km (W),-7.6,-8°,London,England,51.53,-0.08,
Mar 27, 19:05:44,-7.6,44°,358° (N),Iridium 67,2 km (W),-7.7,-7°,London,England,51.53,-0.08,
Mar 22, 11:42:33,-0.1,40°,6° (N),Iridium 67,34 km (W),-7.7,-15°,Canton,China,23.12,113.25,
Mar 23, 11:36:25,-7.3,41°,7° (N),Iridium 72,3 km (W),-7.8,-14°,Canton,China,23.12,113.25,
Mar 24, 11:30:18,-0.3,42°,9° (N),Iridium 62,33 km (E),-7.8,-12°,Canton,China,23.12,113.25,
Mar 25, 21:51:50,-5.4,40°,12° (NNE),Iridium 41,7 km (W),-7.6,-9°,Canton,China,23.12,113.25,
Mar 21, 19:52:30,-3.0,33°,2° (N),Iridium 70,14 km (E),-7.3,-13°,Liverpool,England,53.42,-3.0,
Mar 22, 19:46:17,-7.3,35°,1° (N),Iridium 64,4 km (E),-7.4,-12°,Liverpool,England,53.42,-3.0,
Mar 23, 03:56:45,-2.9,10°,16° (NNE),Iridium 40,33 km (E),-6.2,-19°,Liverpool,England,53.42,-3.0,
Mar 23, 05:11:06,-7.9,32°,18° (NNE),Iridium 82,3 km (W),-7.9,-9°,Liverpool,England,53.42,-3.0,
Mar 23, 19:40:04,-3.6,37°,1° (N),Iridium 67,12 km (E),-7.5,-11°,Liverpool,England,53.42,-3.0,
Mar 24, 02:57:07,-6.2,10°,108° (ESE),Iridium 40,79 km (E),-6.7,-26°,Liverpool,England,53.42,-3.0,
Mar 24, 19:33:53,-1.6,39°,1° (N),Iridium 72,22 km (E),-7.6,-10°,Liverpool,England,53.42,-3.0,
Mar 25, 19:27:44,0.2,41°,2° (N),Iridium 62,37 km (E),-7.6,-9°,Liverpool,England,53.42,-3.0,
Mar 26, 05:38:12,-3.6,40°,21° (NNE),Iridium 81,12 km (W),-7.5,-4°,Liverpool,England,53.42,-3.0,
Mar 26, 19:21:33,1.0,43°,2° (N),Iridium 65,47 km (E),-7.7,-7°,Liverpool,England,53.42,-3.0,
Mar 23, 13:16:43,0.6,41°,4° (N),Iridium 72,41 km (W),-7.8,-14°,Calcutta,India,22.57,88.4,
Mar 24, 13:10:36,-6.0,42°,6° (N),Iridium 62,5 km (W),-7.8,-13°,Calcutta,India,22.57,88.4,
Mar 25, 13:04:27,-1.5,44°,7° (N),Iridium 65,23 km (E),-7.9,-11°,Calcutta,India,22.57,88.4,
Mar 25, 23:32:08,0.5,41°,10° (N),Iridium 41,42 km (W),-7.6,-8°,Calcutta,India,22.57,88.4,
Mar 21, 11:44:32,-0.6,35°,3° (N),Iridium 14,29 km (W),-7.4,-16°,Beijing,China,39.92,116.42,
Mar 22, 11:38:20,-1.5,37°,2° (N),Iridium 66,22 km (W),-7.5,-14°,Beijing,China,39.92,116.42,
Mar 22, 20:11:03,-0.9,12°,10° (N),Iridium 40,42 km (E),-6.7,-24°,Beijing,China,39.92,116.42,
Mar 23, 11:32:10,-2.0,38°,4° (N),Iridium 21,20 km (E),-7.6,-13°,Beijing,China,39.92,116.42,
Mar 27, 21:29:20,-3.6,37°,17° (NNE),Iridium 15,12 km (W),-7.4,-8°,Beijing,China,39.92,116.42,
Mar 21, 04:46:46,0.2,35°,16° (NNE),Iridium 82,30 km (E),-7.9,-11°,Marseilles,France,43.33,5.33,
Mar 24, 18:54:30,0.8,40°,358° (N),Iridium 66,43 km (W),-7.6,-11°,Marseilles,France,43.33,5.33,
Mar 25, 18:48:20,-5.5,41°,0° (N),Iridium 21,6 km (W),-7.7,-10°,Marseilles,France,43.33,5.33,
Mar 26, 18:42:11,0.3,43°,2° (N),Iridium 70,38 km (E),-7.7,-9°,Marseilles,France,43.33,5.33,
Mar 27, 04:57:48,-2.7,38°,17° (NNE),Iridium 81,16 km (W),-7.4,-7°,Marseilles,France,43.33,5.33,
Mar 27, 18:36:00,-0.1,44°,1° (N),Iridium 64,33 km (E),-7.8,-7°,Marseilles,France,43.33,5.33,
Mar 21, 01:02:51,-4.0,20°,260° (W),Iridium 22,30 km (W),-6.8,-26°,Reykjavík,Iceland,64.07,-21.97,
Mar 21, 01:04:30,-2.8,20°,262° (W),Iridium 11,46 km (W),-6.8,-26°,Reykjavík,Iceland,64.07,-21.97,
Mar 21, 02:59:44,-5.8,10°,85° (E),Iridium 52,0 km (W),-5.9,-24°,Reykjavík,Iceland,64.07,-21.97,
Mar 21, 03:08:51,-2.3,12°,87° (E),Iridium 53,102 km (W),-6.0,-23°,Reykjavík,Iceland,64.07,-21.97,
Mar 21, 03:17:53,-0.3,14°,90° (E),Iridium 84,174 km (W),-6.1,-23°,Reykjavík,Iceland,64.07,-21.97,
Mar 21, 04:11:44,-0.6,12°,93° (E),Iridium 40,138 km (E),-6.6,-20°,Reykjavík,Iceland,64.07,-21.97,
Mar 21, 21:26:54,-7.1,33°,1° (N),Iridium 75,2 km (E),-7.2,-11°,Reykjavík,Iceland,64.07,-21.97,
Mar 22, 00:19:21,-0.2,25°,255° (WSW),Iridium 94,25 km (E),-7.7,-24°,Reykjavík,Iceland,64.07,-21.97,
Mar 22, 02:53:29,0.8,10°,87° (E),Iridium 10,235 km (E),-5.9,-24°,Reykjavík,Iceland,64.07,-21.97,
Mar 22, 03:02:40,-1.6,11°,88° (E),Iridium 54,107 km (E),-6.0,-23°,Reykjavík,Iceland,64.07,-21.97,
Mar 22, 03:11:43,-6.0,13°,91° (E),Iridium 12,18 km (E),-6.1,-23°,Reykjavík,Iceland,64.07,-21.97,
Mar 22, 03:30:06,0.7,17°,95° (E),Iridium 83,200 km (W),-6.4,-22°,Reykjavík,Iceland,64.07,-21.97,
Mar 22, 04:10:32,0.2,22°,106° (ESE),Iridium 90,54 km (W),-7.2,-19°,Reykjavík,Iceland,64.07,-21.97,
Mar 22, 21:20:41,-4.9,35°,1° (N),Iridium 14,7 km (W),-7.3,-10°,Reykjavík,Iceland,64.07,-21.97,
Mar 23, 00:39:52,-3.1,21°,267° (W),Iridium 46,71 km (E),-6.9,-24°,Reykjavík,Iceland,64.07,-21.97,
Mar 23, 00:50:37,-2.2,21°,265° (W),Iridium 76,61 km (E),-6.8,-24°,Reykjavík,Iceland,64.07,-21.97,
Mar 23, 00:52:26,-1.4,21°,266° (W),Iridium 47,81 km (E),-6.8,-25°,Reykjavík,Iceland,64.07,-21.97,
Mar 23, 01:01:33,-4.0,19°,267° (W),Iridium 11,32 km (W),-6.7,-25°,Reykjavík,Iceland,64.07,-21.97,
Mar 23, 03:05:33,0.8,13°,92° (E),Iridium 86,196 km (E),-6.1,-23°,Reykjavík,Iceland,64.07,-21.97,
Mar 23, 03:14:48,-2.6,14°,93° (E),Iridium 50,64 km (E),-6.2,-22°,Reykjavík,Iceland,64.07,-21.97,
Mar 23, 03:24:09,-3.5,16°,95° (E),Iridium 56,53 km (W),-6.3,-22°,Reykjavík,Iceland,64.07,-21.97,
Mar 23, 03:33:07,0.3,18°,97° (E),Iridium 52,156 km (W),-6.5,-21°,Reykjavík,Iceland,64.07,-21.97,
Mar 23, 21:14:29,-2.3,36°,360° (N),Iridium 66,17 km (W),-7.4,-9°,Reykjavík,Iceland,64.07,-21.97,
Mar 24, 00:27:47,-2.8,20°,263° (W),Iridium 94,93 km (W),-7.2,-23°,Reykjavík,Iceland,64.07,-21.97,
Mar 24, 01:03:14,-1.6,18°,269° (W),Iridium 22,73 km (W),-6.6,-24°,Reykjavík,Iceland,64.07,-21.97,
Mar 24, 01:05:00,-1.2,17°,271° (W),Iridium 11,85 km (W),-6.6,-24°,Reykjavík,Iceland,64.07,-21.97,
Mar 24, 03:17:44,-0.6,16°,97° (E),Iridium 84,106 km (E),-6.3,-22°,Reykjavík,Iceland,64.07,-21.97,
Mar 24, 03:26:56,-6.4,18°,98° (E),Iridium 10,8 km (W),-6.5,-21°,Reykjavík,Iceland,64.07,-21.97,
Mar 24, 03:36:08,0.1,20°,100° (E),Iridium 54,126 km (W),-6.6,-21°,Reykjavík,Iceland,64.07,-21.97,
Mar 24, 04:33:02,0.8,24°,104° (ESE),Iridium 40,99 km (W),-7.6,-17°,Reykjavík,Iceland,64.07,-21.97,
Mar 24, 21:08:18,-7.3,38°,0° (N),Iridium 21,2 km (W),-7.4,-9°,Reykjavík,Iceland,64.07,-21.97,
Mar 24, 23:42:28,-1.4,23°,263° (W),Iridium 23,36 km (W),-8.1,-21°,Reykjavík,Iceland,64.07,-21.97,
Mar 25, 01:06:51,0.5,16°,275° (W),Iridium 25,150 km (W),-6.5,-24°,Reykjavík,Iceland,64.07,-21.97,
Mar 25, 03:30:03,-6.6,20°,101° (ESE),Iridium 83,2 km (W),-6.6,-21°,Reykjavík,Iceland,64.07,-21.97,
Mar 25, 03:39:11,0.1,23°,104° (ESE),Iridium 86,109 km (W),-6.8,-20°,Reykjavík,Iceland,64.07,-21.97,
Mar 25, 21:02:07,-2.3,40°,1° (N),Iridium 70,18 km (E),-7.5,-8°,Reykjavík,Iceland,64.07,-21.97,
Mar 26, 00:31:21,-0.6,17°,270° (W),Iridium 94,141 km (W),-6.9,-23°,Reykjavík,Iceland,64.07,-21.97,
Mar 26, 00:52:55,-2.3,19°,275° (W),Iridium 47,68 km (E),-6.6,-23°,Reykjavík,Iceland,64.07,-21.97,
Mar 26, 01:02:04,-3.3,17°,277° (W),Iridium 11,45 km (W),-6.4,-24°,Reykjavík,Iceland,64.07,-21.97,
Mar 26, 03:24:07,-0.3,20°,101° (ESE),Iridium 56,96 km (E),-6.6,-21°,Reykjavík,Iceland,64.07,-21.97,
Mar 26, 03:33:06,-6.6,22°,104° (ESE),Iridium 52,12 km (W),-6.8,-20°,Reykjavík,Iceland,64.07,-21.97,
Mar 26, 03:42:19,0.8,25°,106° (ESE),Iridium 53,124 km (W),-6.9,-20°,Reykjavík,Iceland,64.07,-21.97,
Mar 26, 04:15:53,-0.2,22°,105° (ESE),Iridium 40,79 km (E),-7.4,-17°,Reykjavík,Iceland,64.07,-21.97,
Mar 26, 20:55:56,-7.4,42°,360° (N),Iridium 64,4 km (E),-7.6,-7°,Reykjavík,Iceland,64.07,-21.97,
Mar 27, 00:39:09,-3.2,16°,280° (W),Iridium 46,7 km (E),-6.6,-23°,Reykjavík,Iceland,64.07,-21.97,
Mar 27, 01:03:44,-1.5,16°,279° (W),Iridium 22,81 km (W),-6.4,-23°,Reykjavík,Iceland,64.07,-21.97,
Mar 27, 01:05:36,-1.4,16°,280° (W),Iridium 11,86 km (W),-6.3,-23°,Reykjavík,Iceland,64.07,-21.97,
Mar 27, 03:26:56,-0.5,22°,105° (ESE),Iridium 10,79 km (E),-6.8,-20°,Reykjavík,Iceland,64.07,-21.97,
Mar 27, 03:36:08,-3.6,25°,106° (ESE),Iridium 54,31 km (W),-6.9,-20°,Reykjavík,Iceland,64.07,-21.97,
Mar 27, 03:47:50,-2.1,25°,112° (ESE),Iridium 90,66 km (E),-7.4,-19°,Reykjavík,Iceland,64.07,-21.97,
Mar 27, 04:18:30,0.2,11°,80° (E),Iridium 82,261 km (W),-6.2,-17°,Reykjavík,Iceland,64.07,-21.97,
Mar 27, 05:57:21,0.0,24°,24° (NNE),Iridium 82,36 km (E),-7.3,-8°,Reykjavík,Iceland,64.07,-21.97,
Mar 27, 20:49:45,-6.1,44°,359° (N),Iridium 67,6 km (E),-7.7,-6°,Reykjavík,Iceland,64.07,-21.97,
Mar 21, 02:39:54,0.9,15°,16° (NNE),Iridium 40,69 km (E),-6.8,-18°,Warsaw,Poland,52.23,21.0,
Mar 23, 02:23:55,-6.3,11°,16° (NNE),Iridium 40,8 km (E),-6.4,-20°,Warsaw,Poland,52.23,21.0,
Mar 23, 03:34:06,-1.5,32°,18° (NNE),Iridium 82,18 km (E),-7.8,-10°,Warsaw,Poland,52.23,21.0,
Mar 24, 01:24:26,-3.0,11°,109° (ESE),Iridium 40,23 km (W),-6.7,-27°,Warsaw,Poland,52.23,21.0,
Mar 27, 17:43:46,-1.8,43°,357° (N),Iridium 21,19 km (W),-7.7,-7°,Warsaw,Poland,52.23,21.0,
Mar 22, 12:22:21,-0.1,45°,12° (NNE),Iridium 70,34 km (W),-8.0,-15°,Kuala Lumpur,Malaysia,3.13,101.7,
Mar 23, 12:16:14,-1.0,46°,11° (N),Iridium 64,26 km (W),-8.0,-14°,Kuala Lumpur,Malaysia,3.13,101.7,
Mar 24, 12:10:08,-5.8,46°,12° (NNE),Iridium 67,6 km (E),-8.0,-13°,Kuala Lumpur,Malaysia,3.13,101.7,
Mar 25, 12:04:04,0.4,47°,13° (NNE),Iridium 72,41 km (E),-8.0,-11°,Kuala Lumpur,Malaysia,3.13,101.7,
Mar 25, 22:34:27,0.1,41°,10° (N),Iridium 15,36 km (E),-7.7,-11°,Kuala Lumpur,Malaysia,3.13,101.7,
Mar 24, 21:26:00,-7.0,42°,11° (N),Iridium 18,5 km (W),-7.7,-8°,Manila,Philippines,14.58,120.95,
Mar 25, 10:54:18,0.8,45°,3° (N),Iridium 62,43 km (W),-7.9,-12°,Manila,Philippines,14.58,120.95,
Mar 26, 10:48:10,-3.0,46°,4° (N),Iridium 65,13 km (W),-7.9,-11°,Manila,Philippines,14.58,120.95,
Mar 26, 21:16:04,0.0,39°,7° (N),Iridium 41,37 km (W),-7.6,-10°,Manila,Philippines,14.58,120.95,
Mar 27, 10:42:04,0.2,47°,7° (N),Iridium 68,37 km (E),-8.0,-9°,Manila,Philippines,14.58,120.95,
Mar 21, 18:19:29,0.5,34°,0° (N),Iridium 62,41 km (W),-7.3,-14°,Budapest,Hungary,47.5,19.08,
Mar 22, 04:13:01,-3.8,40°,19° (NNE),Iridium 39,10 km (E),-7.6,-6°,Budapest,Hungary,47.5,19.08,
Mar 22, 18:13:16,-0.7,36°,0° (N),Iridium 65,27 km (W),-7.4,-13°,Budapest,Hungary,47.5,19.08,
Mar 23, 18:07:04,-7.4,37°,1° (N),Iridium 68,2 km (E),-7.5,-12°,Budapest,Hungary,47.5,19.08,
Mar 24, 18:00:53,-0.8,39°,2° (N),Iridium 75,28 km (E),-7.6,-11°,Budapest,Hungary,47.5,19.08,
Mar 25, 04:15:47,-7.4,41°,20° (NNE),Iridium 18,2 km (E),-7.5,-4°,Budapest,Hungary,47.5,19.08,
Mar 25, 17:54:42,-0.3,41°,2° (N),Iridium 14,33 km (E),-7.7,-9°,Budapest,Hungary,47.5,19.08,
Mar 26, 17:48:32,0.0,43°,2° (N),Iridium 66,35 km (E),-7.7,-8°,Budapest,Hungary,47.5,19.08,
Mar 21, 02:36:59,-5.8,18°,10° (N),Iridium 40,8 km (E),-7.3,-21°,Sofia,Bulgaria,42.67,23.33,
Mar 23, 02:21:14,-6.3,12°,11° (NNE),Iridium 40,8 km (E),-6.7,-23°,Sofia,Bulgaria,42.67,23.33,
Mar 23, 17:47:25,0.8,38°,360° (N),Iridium 66,44 km (W),-7.5,-13°,Sofia,Bulgaria,42.67,23.33,
Mar 24, 17:41:14,-5.6,40°,1° (N),Iridium 21,6 km (W),-7.6,-11°,Sofia,Bulgaria,42.67,23.33,
Mar 25, 03:36:15,-0.8,34°,17° (NNE),Iridium 39,28 km (E),-7.3,-9°,Sofia,Bulgaria,42.67,23.33,
Mar 25, 17:35:05,0.4,41°,3° (N),Iridium 70,39 km (E),-7.7,-10°,Sofia,Bulgaria,42.67,23.33,
Mar 26, 17:28:54,0.0,43°,2° (N),Iridium 64,35 km (E),-7.8,-9°,Sofia,Bulgaria,42.67,23.33,
Mar 27, 03:47:28,-0.8,38°,17° (NNE),Iridium 80,29 km (W),-7.4,-6°,Sofia,Bulgaria,42.67,23.33,
Mar 24, 19:52:13,0.5,38°,358° (N),Iridium 70,39 km (W),-7.4,-11°,Dublin,Ireland,53.33,-6.25,
Mar 25, 05:57:32,-6.8,41°,22° (NNE),Iridium 18,5 km (E),-7.5,-4°,Dublin,Ireland,53.33,-6.25,
Mar 26, 19:39:50,0.6,42°,356° (N),Iridium 67,40 km (W),-7.6,-8°,Dublin,Ireland,53.33,-6.25,
Mar 27, 03:17:49,-0.3,20°,116° (ESE),Iridium 40,80 km (W),-7.5,-24°,Dublin,Ireland,53.33,-6.25,
Mar 27, 19:33:40,-0.5,43°,356° (N),Iridium 72,29 km (W),-7.7,-7°,Dublin,Ireland,53.33,-6.25,
Mar 22, 23:36:36,-0.8,57°,19° (NNE),Iridium 72,27 km (W),-8.3,-10°,Santiago,Chile,-33.47,-70.75,
Mar 23, 23:30:35,-5.0,56°,20° (NNE),Iridium 62,8 km (E),-8.3,-9°,Santiago,Chile,-33.47,-70.75,
Mar 24, 10:07:38,-2.3,48°,0° (N),Iridium 80,18 km (W),-8.0,-10°,Santiago,Chile,-33.47,-70.75,
Mar 24, 23:24:32,0.0,55°,21° (NNE),Iridium 65,36 km (E),-8.2,-8°,Santiago,Chile,-33.47,-70.75,
Mar 26, 09:56:00,0.3,47°,1° (N),Iridium 18,37 km (E),-8.0,-12°,Santiago,Chile,-33.47,-70.75,
Mar 21, 05:39:05,-5.8,48°,21° (NNE),Iridium 98,6 km (W),-7.8,-1°,Amsterdam,Netherlands,52.37,4.88,
Mar 26, 18:53:55,-0.4,42°,357° (N),Iridium 62,30 km (W),-7.6,-8°,Amsterdam,Netherlands,52.37,4.88,
Mar 27, 05:00:16,-3.2,38°,20° (NNE),Iridium 81,14 km (W),-7.4,-5°,Amsterdam,Netherlands,52.37,4.88,
Mar 27, 18:47:44,-1.6,44°,357° (N),Iridium 65,20 km (W),-7.7,-7°,Amsterdam,Netherlands,52.37,4.88,
Mar 27, 20:39:03,-2.7,12°,360° (N),Iridium 23,17 km (W),-7.3,-22°,Amsterdam,Netherlands,52.37,4.88,
Mar 24, 02:14:46,0.3,41°,3° (N),Iridium 67,37 km (W),-7.7,-13°,Chihuahua,Mexico,28.62,-106.08,
Mar 25, 02:08:37,-3.8,42°,3° (N),Iridium 72,10 km (W),-7.8,-12°,Chihuahua,Mexico,28.62,-106.08,
Mar 25, 12:31:26,-2.4,40°,16° (NNE),Iridium 18,16 km (E),-7.6,-8°,Chihuahua,Mexico,28.62,-106.08,
Mar 26, 02:02:30,-1.4,43°,5° (N),Iridium 62,23 km (E),-7.8,-10°,Chihuahua,Mexico,28.62,-106.08,
Mar 27, 12:00:13,-2.2,31°,11° (NNE),Iridium 39,19 km (E),-7.3,-14°,Chihuahua,Mexico,28.62,-106.08,
Mar 22, 18:42:08,-0.4,35°,360° (N),Iridium 68,31 km (W),-7.3,-13°,Berlin,Germany,52.5,13.42,
Mar 23, 18:35:56,-3.7,37°,0° (N),Iridium 75,11 km (W),-7.4,-11°,Berlin,Germany,52.5,13.42,
Mar 24, 04:23:55,-6.9,37°,20° (NNE),Iridium 39,4 km (E),-7.4,-6°,Berlin,Germany,52.5,13.42,
Mar 24, 18:29:43,-4.0,39°,359° (N),Iridium 14,10 km (W),-7.5,-10°,Berlin,Germany,52.5,13.42,
Mar 25, 02:02:23,0.1,16°,113° (ESE),Iridium 40,118 km (W),-7.2,-25°,Berlin,Germany,52.5,13.42,
Mar 25, 18:23:33,-3.7,41°,359° (N),Iridium 66,10 km (W),-7.6,-9°,Berlin,Germany,52.5,13.42,
Mar 26, 04:32:42,-4.6,39°,22° (NNE),Iridium 98,8 km (E),-7.4,-4°,Berlin,Germany,52.5,13.42,
Mar 26, 18:17:22,-2.1,42°,360° (N),Iridium 21,18 km (E),-7.7,-8°,Berlin,Germany,52.5,13.42,
Mar 21, 19:52:01,0.8,33°,360° (N),Iridium 70,45 km (W),-7.2,-14°,Bristol,England,51.47,-2.58,
Mar 23, 03:56:16,-2.1,10°,15° (NNE),Iridium 40,42 km (E),-6.3,-20°,Bristol,England,51.47,-2.58,
Mar 23, 05:10:34,-0.8,33°,15° (NNE),Iridium 82,30 km (W),-7.9,-9°,Bristol,England,51.47,-2.58,
Mar 23, 19:39:34,0.9,37°,358° (N),Iridium 67,45 km (W),-7.4,-12°,Bristol,England,51.47,-2.58,
Mar 24, 02:56:31,-2.8,10°,110° (ESE),Iridium 40,27 km (W),-6.7,-27°,Bristol,England,51.47,-2.58,
Mar 24, 05:48:19,-6.1,43°,21° (NNE),Iridium 41,5 km (E),-7.5,-3°,Bristol,England,51.47,-2.58,
Mar 24, 19:33:23,-0.1,39°,358° (N),Iridium 72,33 km (W),-7.5,-11°,Bristol,England,51.47,-2.58,
Mar 25, 19:27:12,-2.4,40°,358° (N),Iridium 62,16 km (W),-7.6,-9°,Bristol,England,51.47,-2.58,
Mar 26, 19:21:01,-5.6,42°,358° (N),Iridium 65,6 km (W),-7.7,-8°,Bristol,England,51.47,-2.58,
Mar 27, 05:30:23,-5.2,38°,21° (NNE),Iridium 80,7 km (W),-7.3,-5°,Bristol,England,51.47,-2.58,
Mar 27, 19:14:51,-1.7,44°,359° (N),Iridium 68,20 km (E),-7.7,-7°,Bristol,England,51.47,-2.58,
Mar 21, 19:11:09,1.0,35°,8° (N),Iridium 68,50 km (E),-7.5,-15°,Algiers,Algeria,36.83,3.0,
Mar 26, 18:49:28,0.3,43°,358° (N),Iridium 62,36 km (W),-7.7,-10°,Algiers,Algeria,36.83,3.0,
Mar 27, 18:43:18,-2.2,45°,358° (N),Iridium 65,17 km (W),-7.8,-8°,Algiers,Algeria,36.83,3.0,
Mar 21, 08:49:22,-1.9,53°,28° (NNE),Iridium 68,21 km (E),-8.2,-12°,Brisbane,Australia,-27.48,153.13,
Mar 23, 19:14:16,1.0,47°,8° (N),Iridium 98,44 km (E),-7.9,-9°,Brisbane,Australia,-27.48,153.13,
Mar 25, 19:05:23,-2.3,46°,1° (N),Iridium 15,17 km (E),-8.0,-12°,Brisbane,Australia,-27.48,153.13,
Mar 26, 08:28:13,1.0,55°,7° (N),Iridium 62,45 km (W),-8.1,-9°,Brisbane,Australia,-27.48,153.13,
Mar 27, 08:22:09,-2.4,54°,7° (N),Iridium 65,15 km (W),-8.1,-8°,Brisbane,Australia,-27.48,153.13,
Mar 22, 03:14:54,-1.2,17°,9° (N),Iridium 40,33 km (W),-7.2,-22°,Rome,Italy,41.9,12.45,
Mar 24, 02:58:58,-0.2,11°,11° (N),Iridium 40,92 km (W),-6.6,-24°,Rome,Italy,41.9,12.45,
Mar 26, 18:14:22,-2.1,43°,359° (N),Iridium 21,17 km (W),-7.7,-9°,Rome,Italy,41.9,12.45,
Mar 27, 18:08:13,-0.8,44°,1° (N),Iridium 70,28 km (E),-7.8,-8°,Rome,Italy,41.9,12.45,
Mar 22, 00:57:17,0.2,36°,8° (N),Iridium 62,40 km (E),-7.6,-15°,Atlanta,United States,33.75,-84.28,
Mar 26, 11:00:18,-6.2,39°,15° (NNE),Iridium 80,6 km (W),-7.5,-8°,Atlanta,United States,33.75,-84.28,
Mar 27, 00:35:37,0.4,44°,358° (N),Iridium 67,37 km (W),-7.7,-10°,Atlanta,United States,33.75,-84.28,
Mar 28, 00:29:28,-2.8,45°,358° (N),Iridium 72,14 km (W),-7.8,-8°,Atlanta,United States,33.75,-84.28,
Mar 22, 01:51:03,-7.6,37°,7° (N),Iridium 68,0 km (E),-7.6,-15°,Austin,United States,30.27,-97.73,
Mar 23, 01:44:54,0.3,38°,9° (N),Iridium 75,40 km (E),-7.7,-14°,Austin,United States,30.27,-97.73,
Mar 26, 11:54:11,-1.7,39°,13° (NNE),Iridium 18,22 km (W),-7.6,-8°,Austin,United States,30.27,-97.73,
Mar 22, 01:17:53,-7.4,35°,4° (N),Iridium 64,0 km (W),-7.5,-14°,Chicago,United States,41.83,-87.62,
Mar 23, 01:11:41,-2.5,37°,4° (N),Iridium 67,17 km (E),-7.6,-13°,Chicago,United States,41.83,-87.62,
Mar 24, 01:05:31,0.1,39°,4° (N),Iridium 72,37 km (E),-7.6,-12°,Chicago,United States,41.83,-87.62,
Mar 28, 00:50:05,0.2,44°,356° (N),Iridium 70,35 km (W),-7.7,-8°,Chicago,United States,41.83,-87.62,
Mar 22, 09:24:53,0.8,12°,11° (NNE),Iridium 40,70 km (E),-6.7,-23°,Cleveland,United States,41.47,-81.62,
Mar 25, 00:41:02,0.6,40°,359° (N),Iridium 75,41 km (W),-7.6,-12°,Cleveland,United States,41.47,-81.62,
Mar 26, 00:34:51,-0.1,42°,358° (N),Iridium 14,33 km (W),-7.6,-10°,Cleveland,United States,41.47,-81.62,
Mar 27, 00:28:41,-0.6,43°,357° (N),Iridium 66,28 km (W),-7.7,-9°,Cleveland,United States,41.47,-81.62,
Mar 27, 10:24:02,-2.2,32°,15° (NNE),Iridium 39,20 km (W),-7.3,-11°,Cleveland,United States,41.47,-81.62,
Mar 28, 00:22:32,-3.8,45°,359° (N),Iridium 21,11 km (E),-7.8,-8°,Cleveland,United States,41.47,-81.62,
Mar 22, 12:47:19,-3.1,46°,18° (NNE),Iridium 18,14 km (W),-7.8,-3°,Denver,United States,39.75,-105.00,
Mar 25, 02:11:51,0.4,40°,359° (N),Iridium 72,38 km (W),-7.6,-11°,Denver,United States,39.75,-105.00,
Mar 26, 02:05:41,-3.3,42°,360° (N),Iridium 62,12 km (W),-7.7,-10°,Denver,United States,39.75,-105.00,
Mar 27, 01:59:31,-5.7,44°,0° (N),Iridium 65,6 km (E),-7.8,-9°,Denver,United States,39.75,-105.00,
Mar 27, 12:18:11,-2.4,37°,16° (NNE),Iridium 98,18 km (W),-7.4,-7°,Denver,United States,39.75,-105.00,
Mar 28, 01:53:23,0.6,45°,2° (N),Iridium 68,42 km (E),-7.8,-7°,Denver,United States,39.75,-105.00,
Mar 21, 05:51:59,-1.0,39°,9° (N),Iridium 21,26 km (W),-7.7,-17°,Honolulu,United States,21.30,-157.83,
Mar 22, 05:45:54,-0.1,39°,12° (NNE),Iridium 70,37 km (E),-7.7,-15°,Honolulu,United States,21.30,-157.83,
Mar 23, 05:39:44,0.4,40°,11° (N),Iridium 64,42 km (E),-7.8,-14°,Honolulu,United States,21.30,-157.83,
Mar 23, 16:07:04,1.0,42°,17° (NNE),Iridium 98,46 km (E),-7.6,-7°,Honolulu,United States,21.30,-157.83,
Mar 25, 15:58:49,0.5,41°,10° (N),Iridium 15,42 km (W),-7.7,-8°,Honolulu,United States,21.30,-157.83,
Mar 22, 00:22:47,-7.4,35°,4° (N),Iridium 21,1 km (W),-7.5,-15°,New York,United States,40.78,-73.97,
Mar 23, 00:16:38,0.8,37°,6° (N),Iridium 70,46 km (E),-7.6,-13°,New York,United States,40.78,-73.97,
Mar 24, 00:10:26,0.6,39°,5° (N),Iridium 64,43 km (E),-7.6,-12°,New York,United States,40.78,-73.97,
Mar 22, 03:33:42,-6.4,36°,5° (N),Iridium 68,6 km (E),-7.5,-15°,San Francisco,United States,37.78,-122.43,
Mar 23, 03:27:32,0.4,37°,6° (N),Iridium 75,41 km (E),-7.6,-13°,San Francisco,United States,37.78,-122.43,
Mar 23, 03:39:34,0.8,36°,359° (N),Iridium 70,44 km (W),-7.4,-13°,Seattle,United States,47.62,-122.33,
Mar 23, 13:51:58,-4.0,44°,20° (NNE),Iridium 18,10 km (W),-7.7,-3°,Seattle,United States,47.62,-122.33,
Mar 25, 03:27:10,0.3,39°,358° (N),Iridium 67,38 km (W),-7.5,-11°,Seattle,United States,47.62,-122.33,
Mar 26, 03:21:00,-1.3,41°,358° (N),Iridium 72,23 km (W),-7.6,-9°,Seattle,United States,47.62,-122.33,
Mar 27, 03:14:50,-7.5,43°,359° (N),Iridium 62,3 km (W),-7.7,-8°,Seattle,United States,47.62,-122.33,
Mar 28, 03:08:40,-3.8,45°,359° (N),Iridium 65,11 km (E),-7.8,-7°,Seattle,United States,47.62,-122.33,
Mar 25, 02:39:33,-1.1,40°,360° (N),Iridium 62,24 km (W),-7.6,-11°,Salt Lake City,United States,40.77,-111.90,
Mar 26, 02:33:22,-5.2,42°,0° (N),Iridium 65,6 km (W),-7.7,-10°,Salt Lake City,United States,40.77,-111.90,
Mar 26, 12:51:50,-2.3,39°,17° (NNE),Iridium 98,18 km (W),-7.5,-6°,Salt Lake City,United States,40.77,-111.90,
Mar 27, 02:27:13,-0.6,44°,2° (N),Iridium 68,29 km (E),-7.8,-9°,Salt Lake City,United States,40.77,-111.90,
Mar 22, 00:31:21,0.2,36°,7° (N),Iridium 72,39 km (E),-7.5,-14°,Washington,United States,38.88,-77.03,
Mar 26, 00:15:52,-0.5,41°,359° (N),Iridium 70,29 km (W),-7.7,-11°,Washington,United States,38.88,-77.03,
Mar 27, 00:09:42,-0.1,43°,358° (N),Iridium 64,32 km (W),-7.7,-9°,Washington,United States,38.88,-77.03,
Mar 28, 00:03:31,-2.7,45°,358° (N),Iridium 67,14 km (W),-7.8,-8°,Washington,United States,38.88,-77.03,
Mar 22, 00:14:08,-0.4,35°,2° (N),Iridium 68,31 km (W),-7.4,-15°,Boston,United States,42.35,-71.08,
Mar 22, 09:47:32,-2.0,34°,12° (NNE),Iridium 82,23 km (W),-8.0,-11°,Boston,United States,42.35,-71.08,
Mar 23, 00:07:57,-7.4,37°,3° (N),Iridium 75,1 km (W),-7.5,-13°,Boston,United States,42.35,-71.08,
Mar 23, 10:05:08,-2.8,38°,17° (NNE),Iridium 39,14 km (E),-7.5,-8°,Boston,United States,42.35,-71.08,
Mar 24, 00:01:45,-5.3,39°,3° (N),Iridium 14,7 km (E),-7.6,-12°,Boston,United States,42.35,-71.08,
Mar 24, 23:55:34,-3.5,40°,2° (N),Iridium 66,12 km (E),-7.7,-11°,Boston,United States,42.35,-71.08,
Mar 25, 10:13:51,-7.4,41°,18° (NNE),Iridium 41,2 km (W),-7.5,-5°,Boston,United States,42.35,-71.08,
Mar 24, 10:09:37,0.3,31°,11° (NNE),Iridium 82,41 km (W),-7.9,-12°,Toronto,Canada,43.67,-79.40,
Mar 25, 00:32:31,0.1,40°,359° (N),Iridium 72,35 km (W),-7.6,-11°,Toronto,Canada,43.67,-79.40,
Mar 26, 00:26:21,-3.3,42°,359° (N),Iridium 62,12 km (W),-7.7,-10°,Toronto,Canada,43.67,-79.40,
Mar 27, 00:20:10,-7.5,43°,360° (N),Iridium 65,4 km (E),-7.7,-9°,Toronto,Canada,43.67,-79.40,
Mar 28, 00:14:01,0.2,45°,1° (N),Iridium 68,37 km (E),-7.8,-7°,Toronto,Canada,43.67,-79.40,
Mar 21, 03:52:23,0.1,33°,1° (N),Iridium 66,37 km (W),-7.3,-15°,Vancouver,Canada,49.22,-123.10,
Mar 22, 03:46:10,-6.5,35°,2° (N),Iridium 21,5 km (W),-7.4,-14°,Vancouver,Canada,49.22,-123.10,
Mar 23, 03:39:59,-0.3,36°,3° (N),Iridium 70,33 km (E),-7.5,-12°,Vancouver,Canada,49.22,-123.10,
Mar 24, 03:33:46,-1.1,38°,2° (N),Iridium 64,25 km (E),-7.6,-11°,Vancouver,Canada,49.22,-123.10,
Mar 25, 03:27:34,0.2,40°,2° (N),Iridium 67,37 km (E),-7.6,-10°,Vancouver,Canada,49.22,-123.10,
Mar 22, 00:24:09,-2.7,35°,4° (N),Iridium 21,16 km (E),-7.4,-14°,Montreal,Canada,45.50,-73.58,
Mar 26, 10:18:14,-5.9,39°,19° (NNE),Iridium 18,5 km (E),-7.4,-6°,Montreal,Canada,45.50,-73.58,
Mar 22, 03:10:08,-2.4,35°,2° (N),Iridium 65,17 km (E),-7.4,-13°,Calgary,Canada,51.02,-114.02,
Mar 23, 03:03:56,0.6,36°,3° (N),Iridium 68,43 km (E),-7.5,-12°,Calgary,Canada,51.02,-114.02,